Wikipedia movie ID,Predicted Label
5224,"[4, 1, 0, 1, 3, 4, 3, 0, 0, 3, 0, 0, 3, 0, 0, 0, 0, 4, 0, 3, 3, 1, 10, 0, 10, 8, 0, 3, 0, 0, 0, 3, 3, 3, 1, 10, 3, 1, 1, 0, 0, 8, 0, 3, 3, 10, 3, 3, 4, 8, 3]"
13901,"[3, 3, 0, 3, 7, 10, 7, 1, 3, 3, 0, 0, 7, 7, 4, 0, 7, 0, 0, 0, 3, 0, 0, 3, 2, 7, 0, 3, 3, 4, 3, 4, 4, 3, 7, 0, 3, 8, 3, 0, 3, 4, 3, 7, 3, 3, 1, 3, 3, 3, 3, 7, 3, 3, 0, 6, 10, 3, 3, 7, 3, 8, 3, 3, 10, 0, 3, 7, 0, 4, 1]"
16782,"[3, 0, 3, 3, 3, 3, 0, 10, 8, 0, 0, 3, 3, 3, 0, 10, 0, 3, 8, 5, 3, 3, 3, 4, 4, 0, 3, 0, 0, 1, 0, 4, 0, 4, 4, 3, 0, 8, 4, 1, 4, 7, 4, 0, 0, 3, 0, 4, 4, 3, 8, 10, 10, 3, 1, 3, 8, 5, 8, 8, 0, 4, 8, 8, 10, 4, 4, 0, 7, 3, 7, 3, 3, 0, 5, 3, 10, 3, 0, 1, 5]"
30086,"[0, 0, 3, 0, 3, 3, 0, 0, 3, 4, 10, 0, 3, 3, 3, 3, 0, 0, 3, 3, 3, 0, 3, 3, 8, 3, 1, 3, 0, 0, 3, 3, 0, 10, 3, 3, 3, 3, 3, 8, 0, 0, 0, 3, 0, 0, 0, 3, 1, 3, 3, 3, 3, 3, 4, 10, 3, 0, 3, 3, 3, 5, 3, 0, 10]"
31908,"[3, 3, 3, 3, 3, 3, 1, 0, 3, 3, 3, 5, 4, 1, 3, 3, 3, 6, 3, 0, 3, 4, 0, 0, 0, 3, 6, 3, 3, 0, 0, 3, 4, 8, 8, 10, 10]"
61483,"[10, 3, 7, 8, 3]"
61519,"[4, 4, 3, 0, 3, 3, 3, 0, 0, 3, 7, 10, 0, 3, 0, 4, 0, 0, 5, 3, 0, 3, 7, 7, 3, 2, 5, 0, 1, 3, 10, 3, 0, 0, 3, 3, 0, 3, 3, 0, 3, 0, 10, 4, 10, 1]"
61531,"[0, 0, 0, 0, 5, 0, 0, 4, 3, 5, 3, 0, 4, 7, 0, 0, 5, 5, 1, 3, 2, 0, 1, 3, 1, 7, 0, 0, 8, 3, 0, 0, 0, 7, 1, 3, 3, 3, 0, 5, 0, 3, 10, 8, 0]"
62122,"[4, 3, 4, 0, 3, 0, 0, 3, 0, 0, 0, 3, 0, 3, 4, 3, 0, 3, 5, 3, 0, 3, 0, 3, 0, 4, 0, 0, 0, 0, 3, 3, 4, 5, 3, 3, 0, 3, 0, 3, 1, 0, 10, 3, 4, 3, 3, 2, 0, 3, 3, 3, 3, 0, 0, 3, 0, 0, 8, 8, 8]"
62688,"[3, 7, 3, 3, 3, 0, 0, 0, 0, 0, 0, 4, 4, 8, 0, 0, 3, 0, 0, 4, 3, 0, 0, 0, 3, 0, 3, 3, 0, 3, 0, 3, 10, 0, 8, 4, 4, 0, 3, 7, 7, 3, 0, 0, 8, 0, 0, 0, 3, 3, 7, 0, 3, 7, 0, 1, 3, 3, 1, 1, 3, 3, 3, 3, 3, 0, 0, 3, 3]"
62689,"[1, 0, 2, 3, 3, 3, 0, 3, 0, 3, 3, 0, 1, 3, 7, 7, 0, 7, 0, 0, 4, 4, 0, 5, 3, 5, 3, 10, 0, 1, 4, 3, 3, 4, 4, 8, 3, 3, 3, 3, 3, 3, 0, 7, 7, 7, 0, 3, 3, 0, 0, 8, 1, 0, 0, 0, 4, 3, 0, 3, 8, 0, 0, 0, 7, 7, 1, 0, 4, 0, 3, 4, 8, 0, 10, 10, 8, 5, 0, 0, 0, 4, 8]"
62693,"[3, 0, 3, 10, 1, 0, 3, 0, 3, 3, 3, 3, 3, 3, 1, 3, 3, 10, 3, 0, 3]"
68388,"[0, 5, 0, 3, 3, 3, 3, 0, 1, 3, 1, 3, 1, 0, 3, 3, 7, 0, 0, 3, 0, 10, 3, 0, 0, 3, 3, 3, 0, 1, 3, 3, 3, 3, 4, 3, 0, 3, 8, 0, 0, 3, 3, 3, 3, 0, 0, 2, 3, 3, 0, 3, 7, 10, 0, 4, 3, 3, 4, 5, 3, 1, 8]"
72317,"[3, 0, 0, 0, 3, 0, 0, 0, 0, 0, 3, 0, 3, 4, 0, 4, 3, 3, 3, 3, 3, 0, 1, 3, 3, 5, 0, 4, 7, 3, 0, 3, 3, 0, 7, 2, 3, 0, 3, 3, 0, 0, 3, 3, 2, 3]"
73376,"[3, 0, 3, 3, 3, 0, 0, 0, 0, 3, 0, 0, 3, 3, 3, 5, 3, 3, 3, 3, 3, 7, 3, 3, 0, 8, 3, 4, 0, 7, 3, 10, 0, 0, 0, 0, 4, 3, 3, 1]"
73422,"[4, 8, 3, 3, 4, 7, 0, 5, 3, 3, 10, 3, 0, 2, 3, 0, 7, 0, 0, 0, 1, 0, 0, 0, 0, 4, 0, 3, 0, 0, 5, 0, 0, 0, 0, 0, 3, 3, 0, 0, 0, 0, 0, 4, 4, 3, 4, 4, 3, 3, 0, 4, 0, 3, 3, 10, 3, 3, 0, 3, 0, 3, 0, 3, 10, 0, 4, 0, 10, 1, 0, 0, 4, 3, 0, 7, 10, 0]"
73930,"[0, 0, 3, 0, 0, 0, 0, 0, 0, 10, 3, 0, 1, 5, 3, 10, 0, 0, 5, 6, 3, 1, 3, 4, 7, 0, 3, 1, 3, 0, 10, 0, 0, 1, 0, 0, 3, 3, 1, 0, 3, 1, 1, 3, 3, 3, 0, 0, 7, 1, 3, 3, 3, 10, 0, 10, 10, 1, 3, 3, 7, 3, 0, 8, 0, 0, 2, 0, 1, 3, 0, 0, 3, 4, 0, 3, 3, 0, 3, 3, 3, 3, 3, 10, 3, 0, 3, 3, 1, 0, 0, 0, 0, 0, 3, 0, 0, 3, 0, 3, 3, 0, 0, 0, 3, 3, 0, 3, 0, 0, 0, 10, 1, 0, 5]"
84213,"[1, 3, 3, 2, 3, 0, 0, 7, 3, 0, 10, 7, 3, 0, 3, 0, 3, 8, 0, 8, 0, 10, 0, 0, 3, 3, 8, 3, 3, 3, 3, 3, 3, 7, 8, 0, 3, 3, 10, 3]"
90684,"[3, 0, 0, 3, 0, 0, 0, 4, 1, 3, 3, 4, 3, 0, 3, 3, 4, 0, 3, 1, 1, 3, 0, 0, 3, 0, 0, 7, 8, 3, 3, 7, 0]"
92605,"[3, 3, 0, 0, 3, 7, 0, 4, 3, 3, 0, 3, 0, 0, 3, 3, 0, 0, 3, 3, 3, 3, 3, 3, 1, 0, 0, 0, 0, 10, 0, 0, 7, 0, 4, 3, 0, 3, 3, 7, 0, 3, 3, 0, 3, 0, 3, 3, 3, 3, 10, 3, 0, 3, 7, 3, 0, 3, 7, 7, 3, 7, 7, 10, 3, 0, 3, 7, 1, 3, 0, 3, 3, 0, 0, 3, 3, 10, 0, 3, 10, 0, 3, 0, 3, 3, 0, 1, 0, 0]"
113651,"[0, 3, 4, 0, 7, 3, 0, 5, 3, 3, 3, 7, 3, 3, 3, 3, 4, 4, 3, 8, 0, 0, 3, 1, 3, 3, 0, 3, 3, 3, 3, 8, 3, 3, 7, 3, 7, 3, 3, 1, 3, 0, 3, 1, 0, 3, 3, 3]"
145629,"[1, 0, 3, 1, 5, 0, 4, 8, 0, 1, 3, 5, 3, 3, 3, 0, 0, 0, 0, 4, 5, 0, 0, 0, 4, 5, 1, 0, 3, 0, 0, 3, 1, 3, 0, 3, 3, 1]"
154635,"[0, 3, 3, 3, 3, 10, 1, 1, 4, 0, 1, 3, 7, 8, 10, 0, 1, 0, 0, 1, 0, 0, 5, 3, 0, 4, 3, 4, 8, 4, 5, 0, 3, 3, 0, 0, 3, 3, 8, 1, 5, 3]"
155271,"[0, 0, 3, 3, 3, 3, 3, 3, 3, 0, 3, 0, 3, 4, 6, 0, 1, 8, 3, 3, 3, 0, 0, 8, 0, 3, 3, 3, 3, 0, 3, 6, 0, 7, 10, 0, 3, 0, 0, 3, 3]"
161460,"[3, 3, 3, 3, 3, 10, 3, 3, 0, 3]"
161496,"[0, 3, 3, 3, 3, 3, 3, 8, 10]"
165751,"[0, 3, 3, 3, 4, 5, 5, 0, 3, 3, 3, 3, 3, 0, 10]"
172299,"[0, 5, 10, 0, 0, 7, 3, 3, 0, 8, 0, 3, 3, 0, 0, 8, 7, 0, 3, 4, 4, 4, 4, 0, 0, 8, 10, 3, 4, 3, 3, 8, 4, 3, 0]"
177783,"[2, 3, 0, 0, 8, 0, 0, 0, 0, 0, 7, 1, 3, 4, 8]"
177830,"[3, 3, 3]"
179064,"[3, 0, 3, 0, 3, 10, 3, 8, 0, 0, 3, 8, 5, 3, 3, 4, 0, 4, 10, 8, 0, 3, 8, 0, 3, 10, 3, 3, 10, 4, 0, 0, 0, 0, 0, 0, 0, 0, 0, 0, 0, 0, 0]"
187103,"[3, 3, 3, 4, 3, 0, 3, 3, 3, 10]"
187107,"[3, 10, 3, 7, 1, 3, 0, 3, 8, 10, 3, 3, 1, 0, 1, 0, 1, 3, 10, 3, 5, 3]"
187635,"[3, 3, 0, 3, 5, 0, 5, 4, 0, 3, 0, 0, 4, 3, 0, 0, 0, 0, 6, 0, 5, 10, 0, 3, 0, 7, 5, 1, 3, 3, 3, 5, 3, 8, 8, 8, 1, 3, 3, 4, 3, 4, 4, 3, 8, 3, 3, 3, 1, 0, 0, 3, 0, 3, 1, 0, 3, 0, 3, 1, 10, 0, 1, 0, 8, 0, 0, 0, 8, 3, 3, 0, 5, 5]"
189776,"[1, 1, 0, 7, 0, 8, 3]"
193845,"[3, 3, 3, 0, 0, 0, 5, 1, 3, 0, 3, 3, 1, 5, 10, 3, 0, 10, 10, 0, 4, 10, 0]"
213471,"[3, 3, 5, 0, 0, 0, 3, 0, 3, 0, 0, 0, 5, 3, 0, 1, 1, 0, 3, 8, 4, 0, 0, 0, 5, 0, 4, 0, 0, 3, 0, 3, 3, 8, 0, 3, 0, 4, 10, 3, 4, 0, 3, 0, 3, 0, 0, 3, 3, 0, 5]"
226842,"[0, 0, 0, 3, 3, 0, 3, 3, 0, 3, 3, 3, 0, 0, 7, 3, 5, 0, 3, 7, 7, 3, 6, 3, 7, 0, 3, 0, 3, 5, 3, 0, 0, 3]"
240173,"[0, 3, 0, 0, 0, 0, 8, 3, 3, 0, 5, 3, 0, 3, 3]"
244897,"[10, 8, 3, 0, 0, 3, 5, 8, 0, 0, 3, 3, 0, 10, 0, 0, 4, 0, 0, 0, 3, 7, 4, 3, 3, 3, 4, 7, 3, 3, 0, 4, 3, 8, 0, 0, 3, 10, 0, 0, 4, 0, 0, 4, 3, 3, 0, 3, 3, 10, 0, 10, 0, 8, 4, 3, 3, 0, 0, 10, 0, 10, 10, 4, 4, 0, 0, 0, 0, 3]"
261107,"[7, 5, 0, 3, 0, 0, 7, 7, 3, 10, 3, 0, 8, 0, 7, 3, 7, 0, 0, 0, 4, 3, 7, 0, 0, 7, 3, 3, 3, 3, 3, 3, 0, 0, 3, 0, 3, 3, 3, 3, 3, 3, 3, 1, 3, 8, 3, 3, 3, 10, 3, 4, 10, 0, 0, 3]"
286836,"[3, 3, 10, 3, 0, 3, 0, 5, 0, 3, 3, 4, 3, 3, 3, 3, 0, 5, 0, 3, 3, 4, 0, 0, 3, 3, 3, 0, 0, 3, 0, 1, 0, 0, 10, 3, 0, 3, 3, 1, 1, 1]"
296997,"[0, 10, 3, 10, 0, 3, 5, 5, 3, 4, 10, 0, 0, 3, 0]"
299490,"[0, 0, 0, 0, 6, 8, 0, 10, 3, 4, 0, 0, 0, 0, 0, 1, 3, 0, 8, 0, 0, 0, 1, 3, 0, 0, 0, 1, 3, 1, 3, 7, 3, 0, 1, 3, 3, 3, 3, 0, 0, 3, 0, 3, 3, 0, 3, 0, 3, 3, 3, 0, 7, 0, 4, 3, 3, 7, 7, 0, 3, 3, 7, 4, 4, 0, 0, 0, 3, 0, 3, 3, 3, 3]"
303039,"[8, 3, 0, 7, 0, 4, 3, 3, 4, 3, 3, 3]"
320502,"[0, 3, 3, 0, 5, 1, 3, 3, 0, 3]"
334156,"[0, 3, 0, 3, 10, 0, 3, 0, 0, 0, 0, 3, 3, 0, 3, 3, 3, 0, 10, 0, 0, 10, 0, 3, 3, 8, 7, 3, 0, 4, 1, 3, 1, 0]"
334865,"[0, 0, 3, 0, 3, 0, 3, 3, 3, 0, 3, 10, 0, 3, 3, 3, 3, 3, 0, 4, 0, 3, 3, 0, 8, 0, 4, 4, 1, 3, 3, 1, 4, 3, 3, 1, 3, 7, 3, 3]"
339526,"[0, 3, 3, 3, 0, 0, 1, 3, 3, 3, 0, 3, 1, 3, 3, 3, 1, 3, 3, 3, 7, 3, 0, 0, 0, 0, 0, 0, 3, 7, 7, 0, 3, 3, 0, 0, 3, 0, 3, 3, 3, 3]"
343404,"[1, 0, 3, 7, 7, 0, 0, 7, 0, 0, 0, 0, 3, 3, 0, 0, 0, 0, 0, 5, 0, 0, 0, 3, 3, 8, 3, 3, 3, 3, 3, 4, 4, 3, 8, 8, 3, 3, 8, 0, 5, 10, 0, 0, 8, 3, 1, 0, 0, 0, 3, 3, 3, 4, 0, 4, 0, 3, 0, 8, 4, 0, 10, 1, 0, 0, 0, 0, 3, 0, 0]"
362335,"[3, 3, 1, 3, 3, 3, 0, 3, 0, 0, 1, 3, 3, 3, 0, 0, 3, 3, 5, 5, 3, 0, 3, 3, 3, 10]"
376485,"[4, 0, 0, 0, 0, 3, 0, 3, 0, 3, 3, 0, 0, 0, 3, 0, 0, 0, 3, 3, 3, 0, 0, 3, 3, 0, 0, 0, 3, 0, 0, 0, 0, 0, 3, 0, 3, 0, 3, 7, 0, 3, 4, 0, 3, 0, 1, 3, 3, 3, 7, 8, 0, 0, 3, 0, 0, 0, 0, 3, 0, 8, 0, 3, 3, 0, 10, 3, 1, 8]"
399725,"[3, 4, 4, 7, 10, 0, 4, 3, 10, 3, 0, 0, 4, 3, 3, 3, 8, 3, 1, 3, 3, 3, 0, 4, 7, 6]"
413426,"[3, 3, 1, 3, 4, 7, 2, 8, 10, 3, 3, 3, 4, 7, 3]"
426761,"[0, 0, 1, 5, 0, 3, 0, 5, 0, 3, 4, 3, 3, 3, 8, 0, 3, 8]"
432364,"[0, 7, 4, 0, 0, 5, 3, 0, 4, 0, 3, 3, 3, 7, 3, 3, 3, 7, 3, 3, 0, 7, 3, 3, 3, 3, 0, 4, 7, 3, 3, 3, 0, 3, 3, 0, 1, 0, 10, 0, 3, 0, 0, 3, 0, 10, 4, 4, 0, 3, 3, 3, 0, 3, 0, 3, 3, 3, 0, 0, 3, 0, 0, 3, 4, 0, 3, 3, 3, 3, 3, 0, 3, 4, 3, 0, 4, 7, 3, 2, 3, 3, 0, 3, 3, 0, 0, 0, 0, 3, 3, 3, 3, 10, 0, 3, 3, 3, 3, 3, 0, 3, 3, 3, 0, 0, 3, 3, 0, 3, 0, 3, 3, 3, 3, 3, 3, 0, 3, 3, 3, 0, 3, 0, 3, 3, 3]"
434738,"[0, 5, 8, 10, 0, 0, 4, 3, 3, 3, 1, 3, 4, 3, 5, 1, 3, 3, 0, 0]"
444919,"[0, 3, 0, 0, 0, 0, 0, 0, 3, 3, 3, 0, 0, 3, 3, 0, 3, 3, 3, 0, 3, 0, 0, 0, 0, 0, 0, 3, 4, 3, 7, 8, 0, 1]"
473260,"[0, 4, 3, 3, 3, 1, 4, 3, 0, 10, 1, 3, 0, 3, 3, 3, 3, 10, 0, 0, 5, 0, 3, 3, 0, 4, 4, 3, 5, 0, 0, 1, 3, 0, 0, 0, 0, 0, 4, 3]"
497081,"[3, 3, 7, 0, 3, 0, 8, 3, 10, 1, 7, 3, 0, 3, 3, 3, 4, 0, 3, 1, 7, 3, 7, 3, 3, 3, 4, 3, 3, 1, 3, 0, 1, 0, 3, 0, 0, 3, 0, 4, 3, 3, 4, 3, 0, 3, 0, 3, 3, 7]"
497109,"[0, 4, 0, 0, 3, 0, 0, 8, 0, 8, 0, 4, 3, 3, 3, 8, 8]"
517376,"[0, 0, 4, 3, 3, 3, 7, 0, 3, 0, 0, 0, 3, 8, 1, 0, 3, 0, 3, 10, 3, 4, 1, 3, 4, 3, 3, 8, 0, 7, 3, 0, 3, 3, 0, 7, 3, 0, 3, 3, 3, 3, 3, 3, 3, 10, 3, 3, 0, 0, 3, 3, 0, 0, 3, 3, 0, 3, 3, 0, 1, 10, 10, 8, 4, 1, 3, 3, 0, 0, 7, 0, 0, 0]"
524139,"[10, 0, 0, 0, 7, 3, 3, 4, 0, 4, 0, 3, 0, 3, 3, 5, 3, 1, 0, 0, 3, 1, 5, 0, 5, 3, 1, 0, 3, 4, 3, 0, 3, 10, 0, 0, 4, 3, 0, 7, 8, 4, 10, 0, 0, 1, 3, 3, 3, 3, 10, 3]"
548239,"[0, 0, 0, 6, 0, 3, 3, 7, 0, 0, 8, 3, 0, 0, 3, 3, 0, 3, 0, 0, 0, 8, 3, 3, 0, 4, 1, 10, 3, 0, 0, 4, 8, 0, 0, 0, 5, 3, 3, 0, 8, 0, 0, 0, 0, 0, 0, 0, 10, 3, 0, 5, 1, 0, 0, 3, 4, 3, 0, 3, 1, 5, 0, 0, 4, 0, 3, 4, 0, 0, 3]"
550486,"[0, 1, 0, 3, 0, 3, 3, 4, 0, 3, 10, 4, 3, 3, 0, 0, 3, 0, 0, 3, 0, 4, 0, 0, 4, 3, 1, 4, 4, 3, 0, 3, 4, 1, 0, 4, 4, 3, 1, 0, 3, 0, 10, 3, 8, 4, 0]"
565758,"[0, 4, 0, 10, 4, 3, 0, 0, 0, 0, 3, 0, 10, 3, 8, 3, 3, 0, 3, 3, 3, 3, 3, 0, 3, 0, 0, 4, 3, 3, 3, 3, 3, 3, 3, 3, 0, 7, 3, 4, 3, 3, 3, 3, 0, 3, 0, 0, 3, 1, 0, 3, 0, 0, 3, 3, 0, 3, 5, 4, 3, 3, 5, 0, 3, 3, 3, 3, 3]"
571311,"[0, 0, 0, 3, 0]"
580960,"[0, 4, 1, 3, 1, 0, 3, 0, 0, 0, 3, 3]"
587265,"[0, 0, 0, 3, 0, 8, 3, 0, 3, 3, 0, 3, 5, 3, 3, 10, 3, 0, 0, 0, 0, 3, 5, 4, 0, 3, 0, 3, 0, 0, 3, 3, 0, 0, 0, 3, 3, 3, 3, 3, 3, 3, 3, 3, 7, 1, 3, 1, 3, 3, 0, 5, 3, 3, 7, 3, 1, 8, 0, 10, 0, 5]"
597576,"[3, 3, 0, 3, 3, 3, 0, 0, 0, 0, 0, 0, 0, 3, 3, 3, 7, 0, 0]"
606614,"[7, 3, 3, 3, 4, 5, 3, 10, 0, 7, 0, 4, 1, 10, 8]"
629072,"[0, 10, 3, 8, 10, 8, 0, 0, 0, 0, 3, 3, 0, 10, 5, 3, 0, 3, 10, 3, 4, 10]"
634114,"[3, 0, 4, 3, 0, 0, 3, 3, 0, 0, 3, 3, 0, 3, 3, 0, 3, 3, 3, 3]"
717281,"[3, 3, 3, 0, 0, 3, 3, 0, 5, 3, 3, 0, 3, 0, 5, 3, 0, 4, 1, 0, 5, 0, 0, 0, 3, 0, 3, 3, 3, 7, 0, 3, 4, 4, 1, 3, 5, 3, 7, 0, 3, 3, 0, 0, 4, 0, 4, 3, 3, 0, 5, 7, 3, 10]"
767099,"[5, 0, 3, 0, 3, 1, 0, 4, 7, 1, 0, 3, 3, 3, 3, 5, 0, 4, 4, 1, 3, 3, 5, 0]"
785210,"[0, 8, 5, 7, 3, 0, 5]"
787273,"[3, 3, 0, 10, 0, 0, 3, 0, 1, 3, 0, 3, 3, 0, 2, 3, 0, 3, 3, 10, 3, 0, 0, 3, 3, 3, 3, 3, 3, 3, 0, 0, 4, 3, 3, 3, 0, 1, 3, 3, 3, 3, 10, 3, 1, 0, 3, 4, 3, 10, 3, 8, 3, 8, 3, 0, 3, 1]"
797349,"[3, 0, 3, 3, 4, 3, 3, 0, 0, 1, 0, 3, 3, 3, 0, 10, 3, 4, 3, 3]"
803786,"[0, 0, 0, 3, 0, 0, 4, 3, 3, 0, 0, 0, 0, 3, 0, 3, 7, 0, 3, 1, 0, 0, 0, 3, 3, 5, 0, 0, 3, 0, 3, 5, 0, 8, 8]"
817905,"[1, 1, 8, 8, 3, 1, 3, 3, 0, 3, 0, 4, 7, 3, 0, 3, 3, 4, 3, 3, 0, 3, 3, 0, 3, 3, 3, 10, 4, 4, 3, 0, 4, 3, 3, 4, 3, 0, 3, 0, 10, 0, 8, 3]"
854942,"[3, 3, 3, 1, 4, 4, 10, 3, 0, 3, 5, 3, 7, 0, 7, 3, 3, 3, 3, 3, 3, 0, 3, 0, 0, 7, 10, 7, 0, 1, 0, 3, 10, 0, 0, 0, 3, 0, 3, 3, 4, 3, 0, 3, 0, 3, 3, 3, 3, 3, 3, 4, 0]"
859556,"[3, 3, 3, 3, 0, 3, 1, 3, 0, 1, 0, 3, 1, 6, 0, 3, 0, 3, 0, 0]"
891807,"[3, 0, 3, 3, 3, 3, 7, 3, 4, 8, 0, 0, 0, 1, 0, 3, 0, 0, 4, 10, 0, 0, 0, 0, 0, 0, 0, 10, 3, 3, 0, 3, 0, 3, 3, 3, 10, 0, 0, 2, 3, 0]"
903776,"[0, 0, 3, 0, 3, 0, 0, 3, 0, 0, 7, 0, 3, 0, 7, 10, 3, 7, 0, 0, 0, 1, 0, 0, 3, 3, 3, 0, 3, 0, 3, 3, 0, 3, 3, 0, 10, 3, 3, 10, 0, 4]"
905906,"[0, 0, 0, 0, 3, 1, 0, 4, 3, 0, 3, 3, 3, 3, 3, 3, 0, 8, 0, 0, 0, 3, 5, 3, 10, 3, 1, 3, 3, 0, 0, 3, 0, 5, 3, 3, 0, 0, 0, 0, 7, 0, 3, 3, 3, 3, 0, 3, 0, 4, 0, 0, 3, 0, 3, 7, 3, 3, 0, 3, 3, 3, 1, 4, 5, 3, 4, 3, 1, 8, 3, 1, 0, 8, 10, 0, 3, 0, 3, 7, 1, 0]"
915147,"[0, 0, 0, 0, 0, 3, 0, 1, 1, 0, 5, 3, 3, 8, 0, 3, 3]"
916576,"[0, 0, 1, 3, 3, 3, 3, 3, 3, 3, 3, 3, 0, 0, 0, 0, 8, 0, 3, 10, 3, 3, 3, 3, 3, 3, 0, 4, 1, 0, 3, 3, 3, 1, 3, 3, 4, 0, 4, 0, 0, 3, 4, 0, 3, 0, 3, 3, 1, 0, 0, 3, 8]"
935425,"[3, 4, 10, 0, 0, 0, 3, 10, 3, 3, 3, 0, 10, 3, 2, 1, 0, 0, 0, 0, 0, 0, 0, 0, 3, 7, 7, 3, 0, 7, 8, 1, 0, 3, 0, 0, 3, 10, 10, 0, 3, 3, 3, 0, 3, 0, 3]"
936429,"[3, 0, 5, 10, 0, 3, 3, 3, 0, 0, 0, 3, 0, 3, 3, 3, 0, 0, 3, 10, 1, 1, 4, 0, 3, 4, 3, 3, 0, 3, 3, 7, 3, 3, 3, 7, 10, 3, 10, 10, 3, 1, 3, 0, 10, 1, 0]"
937809,"[0, 0, 0, 0, 1, 4, 3, 3, 0, 4, 3, 0, 3, 3, 3, 0, 0, 1, 0, 0, 10, 3, 0, 0, 3, 3, 3, 3, 3, 4, 10, 0, 0, 3, 0]"
944960,"[0, 3, 0, 0, 3, 0, 0, 3, 5, 0, 3, 4, 0, 10, 5, 3, 10, 3, 1]"
946737,"[0, 4, 0, 0, 0, 5, 7, 0, 8, 0, 3, 3, 0, 3, 3, 3, 0, 0, 3, 3, 3, 0, 0, 1, 8, 3, 3, 8, 3, 0]"
976989,"[0, 4, 3, 3, 8, 3, 3, 0, 1, 3, 0, 3, 3, 0, 1, 0, 0, 3, 0, 7, 3, 3, 1, 0, 0]"
980601,"[0, 0, 0, 8, 0, 0, 3, 0, 3, 10, 4, 4, 0, 10, 3, 0, 0, 0, 3, 0, 3, 3, 3, 3, 3, 10, 3, 10, 3, 3, 3, 0]"
1007563,"[3, 1, 7, 0, 0, 3]"
1010466,"[3, 7, 0, 3, 3, 3, 3, 0, 3, 1, 0, 7, 1, 0, 7, 7, 1, 4, 3, 3, 3, 0, 5, 0, 4, 3, 0, 5, 3, 3, 3, 3, 10, 0, 0, 0, 0, 3, 3, 3, 3, 1, 3, 3, 3, 1, 0, 0, 0, 1, 10, 3, 3, 8]"
1031231,"[0, 0, 0, 0, 0, 0, 0, 3, 4, 0, 0, 0, 3, 10, 0, 3, 5, 0, 0, 0, 3, 0, 3, 0, 3, 2, 4, 0, 3, 1, 1, 0, 1, 3, 3, 5, 3, 8, 0, 8, 3, 0, 0, 3, 3, 3, 5, 4, 3, 8, 7, 0, 3, 3, 0, 0, 0, 0, 3, 0, 4, 10, 4, 3, 3, 3, 3, 3, 0, 3, 0, 5, 0]"
1032266,"[0, 3, 0, 1, 0, 0, 0, 3, 0, 5, 3, 10, 0, 10, 1, 3, 3, 8, 3, 0, 0, 0, 0, 0, 0, 8, 3, 0, 5, 0, 7, 1, 0, 3, 0, 4, 3, 0, 4, 3, 3, 7, 3, 0, 0, 3, 5, 3, 8, 3, 3, 7, 4, 3, 4, 4, 3, 0, 0, 3, 0, 8, 5, 0, 4, 3, 3, 3, 1, 1, 5, 5, 8]"
1040736,"[0, 1, 0, 4, 0, 3, 3, 3, 3, 3, 0, 3, 3, 3, 1, 3, 3, 3, 5, 1, 7, 3, 3, 3, 0, 7, 3, 8, 10, 3, 7, 3, 3, 0, 10, 3, 0, 3, 3, 2, 3, 3, 3, 0, 0, 3, 3, 3, 3, 1, 0, 0, 3, 3, 1, 3, 3, 0, 0]"
1041202,"[0, 3, 0, 0, 3, 0, 0, 3, 3, 10, 4, 0]"
1055633,"[0, 0, 0, 0, 0, 3, 4, 4, 3, 0, 3, 3, 3, 3, 8, 3, 4, 3, 5, 4, 1, 4, 7, 0, 1, 3, 3, 10, 1, 0, 0, 1, 0, 0, 3, 3, 0, 3, 3, 0, 3, 3, 4, 3, 0, 0, 3, 0, 0, 1, 10, 0, 4, 5, 0, 4, 3, 3, 1, 0, 3, 8, 10, 0, 5]"
1086222,"[3, 3, 7, 3, 3, 0, 4, 0, 3, 1, 3, 3, 7, 4, 3, 3, 4, 3, 0, 4, 0, 0, 4, 8, 0, 2, 3, 3, 4, 4, 10, 0, 4]"
1087895,"[0, 0, 7, 5, 1, 3, 3, 7, 3, 3, 3, 4, 0, 8, 3, 5, 4, 4, 0, 3, 3, 3, 10, 0, 3, 0, 3, 0, 1, 4, 3, 7, 3, 7, 4, 10, 3, 3, 3, 3, 7, 4, 7, 3, 4, 3, 3, 0, 8]"
1095954,"[1, 3, 0, 0, 0, 5, 3, 3, 1, 8, 0, 0, 3, 3, 8, 0, 8, 0, 0, 10, 3, 3, 1, 3, 0, 3, 1, 0, 0, 3, 0, 10, 3, 3, 3, 3, 3, 0, 0, 0, 5, 0, 3, 1, 3, 3, 8, 0, 10, 3, 3, 3]"
1122412,"[3, 3, 4, 3, 3, 3, 3]"
1127093,"[3, 3, 3, 0, 7, 0, 3, 3, 7, 3, 8, 0, 6, 8, 3, 3, 10, 3, 0, 0, 3, 3, 0, 0, 3, 0, 0, 6, 0, 0, 4, 10, 7, 3, 3, 3, 3, 3, 3, 3, 8, 4, 3, 3, 1, 3, 3, 7, 3, 0, 0, 10, 3, 0, 10, 3, 7, 10, 3, 3, 3]"
1134373,"[0, 0, 0, 2, 3, 0, 3, 0, 3, 0, 3, 10, 0, 3, 3, 0, 0, 8, 3, 0, 3, 0, 3, 3, 3, 3, 0, 0, 0, 0, 3, 0, 0, 0, 3, 0, 4, 0, 3, 10, 3, 10, 0, 3, 7, 3, 3, 3, 3]"
1141596,"[4, 3, 0, 0, 0, 0, 3, 4, 0, 0, 1, 8, 0, 4, 0, 3, 7, 3, 3, 0, 3, 0, 3, 10, 0, 0, 1, 0, 0, 3, 7, 3, 0, 3, 3, 4, 0, 3, 3, 7, 10, 8, 1, 3, 0, 0, 0, 0, 3, 3, 0, 1, 3, 3, 3, 3, 3, 3, 3, 3, 0, 0, 5, 5, 0, 1, 0, 3, 3, 3, 8, 1]"
1158236,"[1, 3, 3, 0, 3]"
1166548,"[3, 3, 6, 6, 0, 0]"
1176717,"[3, 0, 0, 3, 0, 3, 3, 3, 0, 0, 5, 0, 0, 3, 7, 0, 0, 0, 0, 3, 0, 3, 0, 0, 0, 3, 3, 3, 0, 1, 0, 3, 3, 0, 0, 3, 7, 3, 4, 3, 0, 0, 3, 4, 3, 0, 0, 6, 4, 0, 3, 5, 0, 4, 3]"
1181830,"[3, 7, 0, 3, 3, 3, 3, 3, 3, 4, 3, 3, 3, 3, 3, 3, 0, 0, 3, 3, 3, 0, 7, 0, 3, 3, 8, 10, 0, 0, 10, 3, 1, 3, 3, 3, 3]"
1223386,"[4, 3, 3, 3, 10, 0, 3, 0, 0, 7, 10, 0, 4, 3, 3, 3, 0, 3, 3, 0, 3, 3, 4, 0, 0, 0, 3, 3, 4, 0, 0, 4]"
1255024,"[3, 7, 8, 4, 6, 0, 0, 7, 3, 10, 0, 0, 7, 0, 0, 5, 6, 3]"
1259297,"[3, 8, 0, 0, 0]"
1273515,"[3, 3, 4, 0, 3, 3, 10, 3, 0, 0, 0, 3, 3, 0, 7, 3, 1, 3, 0, 3, 3, 0, 3, 3, 0, 0, 3, 3, 8, 3, 1, 3, 5, 3, 4, 3, 0, 5, 5, 0]"
1333447,"[7, 10, 5, 0, 0, 0, 1, 10, 0]"
1338461,"[0, 3, 10, 3, 1, 3]"
1345561,"[0, 3, 0, 3, 0, 3, 5, 0, 5]"
1352821,"[1, 3, 1, 3, 0, 1, 3, 0, 3, 3, 1, 3, 7, 3, 1, 3, 3]"
1353062,"[0, 3, 4, 4, 0, 0, 3, 3, 3, 3, 0, 3, 0, 3, 0, 0, 0, 0, 0, 0, 0, 3, 0, 0]"
1357149,"[0, 3, 3, 3, 3, 3, 0, 0, 0, 4, 0, 1, 3, 0, 0, 0, 0, 0, 3, 0, 5, 5, 0, 0, 0, 3, 10, 10, 3, 3, 5, 10, 0, 3, 4, 0, 3, 10, 4, 0, 3, 0, 3, 0, 1, 7, 8, 7, 3, 3]"
1357356,"[1, 3, 4, 8, 4, 8, 0, 0, 0, 0, 0, 0, 0, 0, 8, 7, 0, 0]"
1364299,"[3, 3, 1, 3, 5]"
1365411,"[1, 4, 5, 3, 3]"
1370976,"[3, 3, 3]"
1380766,"[0, 0, 5, 0, 0]"
1392986,"[5, 1, 8, 3, 3, 8, 0, 4, 5, 1, 10, 0, 5, 4, 3, 3, 3, 0, 10, 5, 3, 4, 8, 8, 3, 0, 7, 4, 3, 3, 0, 1, 3, 10, 3, 1, 5, 3, 3, 3, 3, 0, 0, 3, 3, 4, 1, 3, 0, 3, 1, 0]"
1399634,"[0, 1, 1, 1, 0, 0, 0, 1, 1, 5, 4, 3, 3, 0, 1, 1, 3, 10, 3, 0, 0, 10, 6, 3, 0, 3, 10, 0, 7, 0, 7, 4, 4, 0, 0]"
1416847,"[10, 7, 0, 4]"
1419513,"[0, 3, 0, 3, 3, 0, 4, 0, 0, 0, 3, 3, 7]"
1430376,"[0, 3, 8, 3, 0, 0, 7, 1, 7, 10, 3, 1, 0, 0, 4, 0, 1, 4, 0, 1, 3, 0, 0, 1, 1, 3, 3, 3, 5, 0, 3, 1, 0, 0, 3, 1, 3, 3, 10, 8, 8, 3, 3, 1, 3, 3, 3, 0, 3, 7, 0, 0, 10, 0, 8, 0, 10, 0, 5, 3, 0, 0]"
1437474,"[3, 0, 3, 3, 0, 0, 10, 0, 8, 6, 0, 3, 3, 4, 0, 3, 0, 0, 0, 3, 3, 3, 3, 10, 1, 0, 4, 3, 4, 7, 3, 7, 4, 4, 3, 4, 7, 0, 3, 3, 3, 3, 3, 3, 4, 10, 0, 3, 0, 3, 7, 3, 7, 3, 3, 0, 3, 5, 3, 0, 3, 3, 3, 10, 0, 0, 3, 7, 7, 3, 3, 0, 0, 3, 3, 1]"
1456011,"[4, 0, 1, 0, 3, 0, 1, 3, 0]"
1498491,"[3, 3, 10, 7, 3, 0, 3, 3, 3, 3, 3, 3, 3, 0, 8, 4, 3, 0]"
1511805,"[3, 3, 3, 4, 0]"
1516678,"[4, 0, 0, 0, 5, 0]"
1529108,"[4, 3, 4, 0, 0, 0, 7, 0, 3, 3, 3, 3, 0, 0, 0, 0, 0, 0, 3, 7, 0, 0, 3, 3, 2, 3, 3, 3, 7, 3, 10, 3, 1, 4, 3, 3, 3, 8, 3, 3, 3, 3, 3, 0, 3]"
1564113,"[0, 0, 3, 0, 3, 3, 0, 0, 3, 3, 3, 3, 0, 3, 4, 3, 1, 3, 3, 3, 3, 1, 7, 3, 0, 3, 0, 3, 0, 3, 0, 0, 7, 1, 0, 3, 10, 0, 3, 0, 3, 3, 3, 0, 0, 3, 3, 0, 0, 3, 3, 3, 3, 7, 0, 3, 0, 10, 0, 0, 0, 3, 8, 0, 4, 0, 2, 0, 4, 1, 1, 0, 3, 3, 3, 3, 0]"
1567129,"[3, 0, 8, 0, 0, 3, 3, 0, 3, 1, 3, 3, 4, 1, 3, 0, 0, 3, 0, 3, 3, 0, 0, 0, 0, 8, 0, 0, 3, 0, 3, 2, 3, 0, 0, 1, 3, 3, 3, 3, 3, 3]"
1588930,"[0, 2, 5, 6, 0, 5, 0, 0, 0, 5, 3, 1, 1, 3, 3, 8, 7, 3, 3, 5, 7, 7, 3, 0, 3]"
1591891,"[3, 0, 0, 0, 0, 3, 3, 3, 0, 0, 3, 0, 0, 0, 3, 7, 4, 10, 8, 7, 4, 1, 5, 0, 4, 7, 1, 3, 3, 1, 5, 10, 10, 0, 1, 4, 0, 3, 0, 3, 5]"
1602002,"[0, 4, 3, 0, 3, 3, 3, 0, 0, 0, 0, 8, 3, 1, 3, 4, 7, 0, 3, 3, 4, 3, 4, 3, 1, 4, 7, 3, 1, 3, 3, 3, 7, 1, 0, 3, 7, 3, 3, 0, 3, 0, 4, 3, 3, 8, 4, 3, 3, 4, 3, 0, 7, 10, 6, 1, 3, 3, 0, 10, 4, 0, 3, 0, 0, 0, 0, 0, 3, 3, 0, 3, 4, 1, 7, 3, 3, 3, 0, 0, 0, 1, 1, 7]"
1602075,[3]
1604763,"[3, 3, 3, 5, 1, 1, 3, 0, 3, 3, 7, 3, 4, 0, 3, 3, 0, 3, 0, 3, 3, 4, 3, 0, 0, 4, 0, 0, 3, 3, 8, 3, 3, 3, 3, 0, 3, 4, 0, 5, 0, 7, 3, 7, 0, 3, 3, 8, 3, 3, 3, 0, 3, 0, 0, 10, 3, 1, 0, 3, 3, 0, 1, 3, 3, 0, 0, 0]"
1607765,"[0, 0, 0, 0, 8, 0, 3, 1, 3, 3, 0, 3]"
1623363,"[4, 0, 0, 3, 0, 0, 3, 0, 0, 0, 10, 0, 8, 0, 3, 3, 0, 0, 0, 3, 3, 0, 0, 3, 1, 3, 0, 3, 3, 3, 3, 10, 3, 3, 3, 0, 8, 3]"
1636036,"[7, 1, 3, 7, 0, 1, 0, 2, 0, 3, 3, 10, 3, 3, 0, 3, 3, 7, 3, 0, 3, 3, 1, 4, 5, 3, 3, 5, 1, 3, 3, 3, 0, 0, 7, 1, 1, 5, 3, 3, 7, 4, 0, 10, 0, 0, 5, 3, 3, 1, 3, 3, 3, 3, 10, 3, 3, 10, 3, 1, 0, 1]"
1637570,"[0, 0, 10, 3, 0, 0, 3, 4, 0, 1, 0, 3, 8, 8, 3, 0, 3, 3, 10, 0, 3, 2, 0, 0, 0, 3, 0, 7, 0, 8, 4, 3, 1, 10, 3, 3, 0, 0, 0, 0, 0, 3, 3, 3, 0, 3, 10, 0, 10, 1, 8, 8, 3, 5, 8, 5, 0, 8, 0, 8, 0, 8, 3, 8, 8, 0, 3, 1]"
1638112,"[6, 3, 0, 3, 3, 0, 3, 0, 3, 0, 3, 3, 3, 3, 0, 0, 3, 0, 8, 3, 8, 3, 3, 0, 4, 8, 6, 3, 10, 1, 3, 3, 3, 0, 3, 3, 3, 3]"
1643555,"[5, 3, 3, 3, 0, 4, 3, 3, 0, 10, 5, 10, 2, 3, 3, 3, 3, 7, 3, 1, 10, 3, 3, 3, 0, 3, 0, 0, 3, 10, 0, 1, 10, 3, 7, 0, 3, 3, 4, 1, 3]"
1662573,"[3, 1, 0, 1, 1, 0]"
1683542,"[5, 3, 0, 3, 3, 1, 3, 1, 0, 3, 10, 3, 3]"
1694467,"[3, 0, 3, 4, 3, 3, 3, 3, 10, 5, 4, 8, 0]"
1705391,"[3, 3, 1, 1, 0, 7, 3, 1, 3, 10, 4, 0, 7, 1, 3, 3, 0, 3, 10, 3, 3, 3, 4, 0]"
1710667,"[0, 0, 0, 7, 8, 3, 3, 0, 3, 3, 3, 4, 2, 6, 3, 0, 3, 8, 0, 3, 3, 3, 3, 4, 3, 0, 3, 3, 8, 0, 3, 4, 8, 0, 8, 0, 8, 3, 10, 3, 1, 1, 3, 1, 4]"
1713779,"[0, 3, 1, 0, 3, 0, 8, 0, 3, 8, 0, 3, 3, 3, 3, 0, 10, 0, 8, 3, 10, 0, 3, 3, 1, 4, 4, 10, 3, 3, 8, 3, 3, 3, 3, 1, 8]"
1716921,"[3, 4, 0, 0, 0, 0, 3, 0, 0, 3, 3, 0, 0, 0, 0, 3, 0, 0, 3, 3, 4, 3, 0, 0, 0, 0, 3, 0, 0, 0, 10, 0, 0, 0, 10, 0, 0, 3]"
1735676,"[3, 0, 6, 10, 0]"
1812238,"[0, 3, 3, 8, 1, 8, 8, 5, 0, 3, 7, 0, 3, 4, 3, 3, 0, 1, 10, 8, 0, 0, 3, 3, 0, 3, 3, 3, 3, 3, 3, 10, 3, 1, 3, 3, 1, 10, 0, 0, 5, 1, 8]"
1813096,"[0, 0, 0, 0, 3, 7, 3, 0, 0, 0, 3, 1, 3, 3, 3, 3, 0, 3, 3, 0, 4, 0, 3, 1, 0, 3, 10, 3, 5, 0, 0, 0, 0]"
1820344,"[3, 3, 0, 7]"
1823450,"[0, 3, 3, 3, 1, 3, 5, 3, 3, 1]"
1825320,"[3, 0, 3, 0, 3, 1, 0, 0, 0, 0, 0, 3, 3, 3, 0, 5, 0, 1, 3, 4, 4, 3, 3, 3, 0, 3, 5, 0, 0, 3, 0, 8, 8, 8, 6, 8, 8, 8, 0, 3, 0, 0, 8, 0, 5, 4, 3, 0, 3, 3, 4, 1, 3, 8, 6, 3, 3, 3, 3, 7, 3, 0, 0, 3, 0, 0, 10, 0]"
1856154,"[3, 3, 3, 3, 9, 3, 0, 3, 8, 0, 0, 3]"
1880039,"[3, 0, 0, 0, 3, 3, 5, 1, 10, 8, 3, 3, 3, 3, 0, 3]"
1915220,"[3, 3, 3, 3, 3, 1, 0, 0, 8, 10, 5, 0, 10, 3, 7, 0, 3, 0, 8, 10, 4, 4, 0, 0]"
1930290,"[0, 4, 0, 8, 4, 3, 8, 0, 3, 3, 3, 3, 4, 3, 3, 0, 0, 5, 3, 5, 0, 5, 0, 0, 3, 4, 10, 3, 0, 0, 3, 4, 0, 3, 0, 3, 10, 5, 1, 8, 0, 3, 7, 0, 3, 3, 0, 0, 3, 10, 7, 5, 0, 0, 5, 3, 0, 3, 7, 0, 3, 0, 3, 6, 8, 3, 3, 3, 3, 3, 7, 0, 3, 7, 0, 0, 4, 7, 10, 3]"
1944643,"[0, 3, 0, 3, 0, 0, 0, 5, 0, 3, 0, 10, 0, 3, 3, 3, 3, 4, 3, 3, 3, 0, 0, 3, 0, 0, 0, 3, 3, 7, 3, 3, 0, 10, 0, 3, 0, 3, 1, 0, 3, 10, 1, 0, 3, 3, 0, 8, 0, 3, 5, 3, 3, 3, 0, 0, 4, 0, 0, 0, 0, 0, 0, 1, 10]"
1954790,"[3, 3, 3, 1, 0]"
1971256,"[0, 1, 0, 4, 0, 0, 0]"
1988806,"[0, 0, 3, 3, 6, 3, 5, 7, 3, 4, 3, 3, 0, 0, 0, 3, 3, 7, 3, 5, 3, 3, 3, 3, 0, 1, 10, 4, 0, 3, 3, 3, 3, 8, 3, 3, 3, 1, 1]"
2021218,"[0, 3, 3, 3, 1, 0, 3, 0, 0, 0, 4, 3, 0, 3, 0, 3, 0, 0, 10]"
2025145,"[0, 0, 3, 0, 3, 0, 3, 3, 10, 3, 3, 3, 3, 3, 3, 3, 7, 0, 3, 3, 3, 7, 4, 3, 0, 7, 10]"
2053414,"[0, 1, 3, 3, 0, 4, 1, 8, 0, 3, 3, 4, 6, 3, 0, 1, 3, 3, 3, 3, 1, 8, 0, 0, 3, 0, 5, 5, 3]"
2055559,"[0, 3, 3, 0, 3, 0, 0, 3, 1, 10]"
2064125,"[0, 3, 1, 3, 0, 0, 0, 8, 0, 3, 0, 0, 0, 3, 8, 3, 3, 4, 3, 4, 3, 8, 3, 3, 0, 3, 5, 3, 3, 5, 3, 5, 4, 3, 0, 0, 6, 3, 0, 3, 3, 3, 3, 3, 10, 4, 0, 3, 3, 3, 4, 3, 0, 4, 3, 2, 3, 10, 0, 0, 3, 4, 0, 3, 0, 1, 3, 0, 10]"
2074089,"[0, 0, 3, 3, 0, 10, 3, 3, 7, 0, 4, 0, 3, 0]"
2082089,"[3, 8, 3, 10]"
2087090,"[0, 0, 0, 0, 0, 0, 5, 0, 4, 3, 7, 0, 3, 3]"
2094975,"[4, 0, 3, 0, 3, 6, 3, 5, 0, 3, 0, 7, 0, 3, 1, 3, 0, 3, 3, 0, 0, 0, 3, 3, 0, 0, 1, 0, 0, 8, 3, 1, 0, 0, 4, 5, 3, 3, 0, 0, 0, 3, 3, 3, 0, 0, 8]"
2099075,"[0, 5, 3, 8, 3, 3, 0, 1]"
2113868,"[0, 3, 4, 0, 8, 0, 8, 5, 0, 0, 0, 5, 3, 0, 3, 8, 1, 3, 0, 8, 3, 8, 0, 10, 4]"
2121431,"[0, 10, 4, 3, 3, 3, 3, 8, 4, 0, 3, 3, 5, 3, 0, 0, 0, 5, 3, 3, 5, 3, 3, 3, 4, 0, 0, 0, 3, 4, 3, 4, 0, 3, 5, 5, 4, 4, 3, 3, 3, 3, 3, 0, 3, 0, 3, 3, 3, 10, 3, 3, 3, 3]"
2141418,"[0, 7, 3, 3, 3, 3, 7, 3, 3, 3, 1, 0, 3, 3, 3, 3, 3, 0, 3, 3, 3, 0, 3, 3, 3, 3, 3, 0, 4, 4, 0, 0, 3, 1, 3, 0, 0, 3, 1]"
2194799,"[3, 2, 0, 3, 3, 3, 3, 3, 3, 4, 0, 0, 0, 3, 0, 0, 8, 0, 8, 0, 3, 3, 3, 0, 1, 1, 0, 3, 8, 0, 3, 3, 3, 3, 3, 8, 3, 3, 0, 3, 3, 3, 4]"
2194915,"[0, 0, 10, 3, 5, 0, 4, 0, 1, 8, 0, 0, 0, 10, 3, 0, 0, 4, 3, 3, 3, 3, 3, 3, 7, 3, 3, 3, 1, 3, 3, 3, 4, 3, 3, 3, 3, 1, 4]"
2200771,"[4, 0, 7, 3, 0, 0, 3, 3, 0, 0, 0, 4, 0, 8, 3, 7, 3, 0, 0, 3, 3, 3, 3, 4, 4, 0, 0]"
2228850,"[3, 3, 0, 3, 3, 3, 3, 0, 3, 3, 3, 3, 3, 3, 3, 0, 3, 3, 3, 0, 0, 7, 3, 0, 0, 0, 1, 3, 3, 3, 3, 3, 3, 3, 0, 0, 0, 3, 1, 10, 3, 3, 3, 0, 3, 0, 0, 0, 0, 3]"
2229439,"[0, 8, 0, 0, 3, 3, 3, 3, 3, 3, 0, 3, 3, 3, 5, 3, 0, 4, 3, 1, 3, 10, 3, 3, 3]"
2241842,"[0, 3, 3, 3, 10, 1, 0, 3]"
2245072,"[10, 3, 4, 0, 0, 3, 4, 3, 8, 6, 5, 4, 3, 8, 0, 5, 3, 3, 3, 10, 3, 0, 3, 3, 0, 0, 3, 3, 0, 3, 0, 3, 3, 0, 3, 4, 7, 0, 1, 3, 0, 7, 3, 3, 3, 3, 10, 3, 10, 7, 0, 3, 3, 3, 8, 4, 3, 3, 3, 7, 8, 0]"
2251745,"[3, 0, 3, 3, 7, 3, 1, 1, 3, 0, 4, 3, 3, 0, 0, 0, 7, 5, 0, 0, 3, 3, 3, 3, 3, 0, 2, 0, 0, 0, 8]"
2259388,"[3, 0, 0, 3, 0, 3, 0, 3, 0, 3, 1, 3, 3, 4, 0, 0, 0, 0, 0, 0, 3, 3, 3, 0, 3, 3, 0, 0, 0, 3, 3, 3, 0, 3, 1, 3, 3, 0, 7, 3, 7, 10, 3, 0, 3, 3, 3, 3, 0, 3]"
2259649,"[3, 3, 0, 3, 0, 3]"
2274585,"[3, 1, 3, 3, 3, 0, 3, 4, 3, 3, 3, 5, 10, 3, 3, 4, 10, 1, 0, 0, 0, 3, 0, 3, 3, 0, 0, 3, 0, 3, 3, 0, 0, 8, 3, 3, 3, 3, 3, 0, 0, 4, 0, 3, 3, 3, 0, 3, 3, 0, 10, 4, 3, 3, 3, 10]"
2275790,"[0, 3, 1, 3, 0, 0, 0, 0, 0, 0, 3, 3, 0, 3, 0, 3, 3, 3, 3, 3, 2, 0, 3, 3, 3, 3, 10, 3, 3, 3, 3, 10, 3, 3, 3, 3, 3, 3, 1, 3, 3, 0, 7, 3, 3, 3, 3, 3, 3, 3, 3, 0, 3, 1, 3, 0, 7, 3, 3, 0, 3, 0, 3, 3, 3, 1]"
2280353,"[0, 0, 3, 0, 4, 0, 0, 3, 0, 0, 0, 3, 0, 4, 7, 0, 3, 3, 3, 3, 1, 3, 7, 3, 10, 5, 3, 0, 3, 3, 3, 3, 4, 4, 3, 3, 1, 3, 0, 0, 0, 5, 3, 3, 3, 4, 3, 5, 3, 0, 5, 3, 3, 1, 0, 3, 0, 7, 3, 3, 3, 0, 3, 3, 3, 0, 0, 3, 0, 3, 3, 3, 3, 3, 3, 2, 7, 0]"
2298243,"[0, 3, 0, 0, 3, 0, 3, 3, 3, 4, 0, 0, 3, 5, 1, 0, 3, 0, 0, 10, 1, 3, 3, 3, 5, 5, 5, 3, 3, 3, 0, 5, 0, 0, 3, 7, 0, 4]"
2310527,"[1, 8, 1, 3, 3, 3, 3, 10, 0, 8, 3, 4, 8, 6, 3, 1, 3, 3, 0, 0, 2, 0, 0, 7, 0, 10, 0, 3, 7, 1, 0, 0, 0, 8, 4, 5, 3, 3, 3, 8, 10, 3, 3, 0, 0, 8, 0, 10, 0, 8, 1, 3, 2, 0, 1, 3]"
2322291,"[0, 0, 0, 0, 3, 1, 0, 3]"
2332290,"[3, 3, 3, 8, 8, 0, 8, 0, 0]"
2339186,"[3, 3, 3, 1, 3, 3, 4, 3, 3, 3, 3, 3, 7, 3, 0, 3, 0, 7, 3, 3, 3, 3, 3, 3, 3, 3, 4, 0, 3, 3, 0, 3, 4, 3, 0, 3, 10, 4, 3, 3, 3, 3, 0, 1, 1, 3, 3]"
2353166,"[0, 0, 0, 6, 3, 3, 3, 3, 3, 8, 3, 0, 10, 8, 3, 3, 0, 5, 3, 5, 3, 3, 0, 4, 5, 3, 5, 1, 0, 1, 0, 3, 3, 3, 1, 1]"
2378034,"[0, 0, 0, 3, 0, 3, 3, 3, 3, 3, 3, 3, 0, 3, 0, 8, 0, 3, 3, 3, 4, 3, 3, 3, 0, 0, 3, 3, 10]"
2387927,"[0, 3, 3, 3, 0, 3, 0, 3, 3, 7, 3, 3, 3, 3, 10, 0, 4, 3, 3, 0, 0, 3, 3, 3, 8, 3, 0, 3, 0, 3, 3, 3, 3, 3, 0, 3, 3, 0, 3, 10, 5]"
2387940,"[0, 8, 8, 3, 10, 0, 4, 0, 3, 3, 0, 10, 0, 2]"
2421498,"[3, 0, 8, 1, 4, 0, 3, 5, 5, 5, 5, 0, 5, 3, 3, 3, 8, 3, 10, 3, 1, 5, 3, 10, 3, 3, 0, 1, 3, 0, 0, 0, 3, 5, 3, 3, 4, 4, 3, 0, 7, 1, 3, 0, 3, 3, 7, 3, 0, 0, 3, 0]"
2421509,"[0, 0, 0, 10, 3, 3, 0, 3, 0, 7, 0, 0, 3, 5, 3, 10, 3, 0, 3, 0, 3]"
2423947,"[0, 0, 8, 1, 0, 7, 0, 4, 0, 3, 10, 3, 1, 0, 0, 0, 0, 3, 0, 3, 0, 0, 8, 3, 0, 3, 4, 8, 3, 0, 10, 10, 8, 3, 3, 1, 3, 4, 3, 0, 4, 4, 3, 8, 0, 0, 7, 3, 3, 3, 10, 1, 1, 7, 1, 0, 10, 10, 8, 1, 8, 0, 10, 8, 8, 0, 8, 1, 0, 0, 0, 0, 0, 3, 3, 3, 0, 10, 0, 0, 3, 3, 10, 8, 0, 3, 3, 0, 1, 1, 7, 3, 1, 0, 0, 1, 1, 3, 3, 0, 8, 3, 0, 10, 8, 10, 4]"
2452691,"[0, 0, 4, 0, 0, 3, 3, 0, 0, 3, 7, 3, 4, 0, 3, 3, 3, 3, 7, 3, 0, 3, 3, 7, 3, 3, 0, 0, 3, 3, 7, 2, 3, 3, 3, 0, 4, 2, 3, 4, 10, 0, 3, 7, 4, 3, 0, 1, 3, 3, 0, 8, 4, 3, 3, 3]"
2473161,"[3, 10, 1, 3, 10, 0, 1, 3]"
2478590,"[0, 1, 1, 7, 3, 3, 0, 3, 3, 0, 0, 0, 0, 3, 3, 0, 3, 0, 0, 0, 0, 0, 0, 10, 0, 0, 3, 3, 1, 0, 0, 7, 3, 3, 0, 3, 0, 3, 3, 1, 2, 0, 3, 0, 0, 1, 8, 3, 3, 3, 0, 3, 0, 3, 4, 0, 0, 3, 3, 0, 3, 0, 3, 3, 3, 0, 3, 3, 1, 1, 3, 3, 3, 4, 1, 3, 0, 3]"
2480103,"[0, 0, 3, 3, 3, 7, 3, 3, 3, 5, 0, 10, 10, 1, 10, 3, 1, 3, 1, 1, 7, 0, 0, 3, 3]"
2490751,"[5, 3, 0, 0, 0, 3, 1, 3]"
2503050,"[3, 3, 8, 3, 0, 3, 0, 0, 0, 0, 0]"
2520368,"[3, 0, 3, 0, 8, 3, 0, 6, 3, 5, 0, 3, 5, 0, 0, 5, 0, 7, 5, 5, 3, 5, 6, 3, 0, 3, 3, 0, 0, 0, 3, 0, 3, 3, 3, 0, 4, 7, 1, 3, 10, 5, 3, 7, 3, 3, 3, 3, 10, 0, 0, 0, 3, 3, 3, 3, 7, 0, 0, 4, 0, 0, 4, 4, 1, 3, 3, 3, 3, 3, 0, 0, 4, 3, 0, 1, 3, 3, 8, 0, 10, 3, 0, 3, 0, 0, 0, 0, 0, 3, 0, 3, 0]"
2541588,"[0, 3, 0, 0, 0, 0, 0, 7, 3, 0, 0, 10, 5, 2, 3, 3, 0, 3, 0, 3, 2, 0, 5, 4, 1, 3, 0, 0, 4, 7, 3, 0, 5, 5, 5, 4, 3, 5, 0, 0, 3, 5, 0, 8, 0, 3, 5, 3, 3, 3, 3, 3, 1, 3, 3, 0, 3, 3, 3, 7]"
2547451,"[3, 3, 7, 0, 1, 0, 0, 0, 0, 3, 3, 3, 7, 3, 3, 1, 10, 0, 3, 0, 3, 0, 3, 0, 7, 0, 1]"
2555248,"[3, 3, 0, 0, 0, 10, 0, 3, 3, 3, 3, 0, 10, 0, 0, 2, 3, 3, 3, 3, 0, 3, 10, 10, 3, 3, 5]"
2558588,"[10, 7, 0, 7, 0, 3, 3, 0, 1, 0, 3, 3, 3, 0, 5]"
2567839,"[0, 7, 4, 3, 4, 0, 0, 3, 10, 8, 3, 0, 8, 0, 3, 3, 3, 3, 0, 3, 10, 10, 3, 4, 0, 10, 8, 3, 3, 8, 3, 3, 3, 3, 0, 10, 8, 3, 3, 1, 0, 0, 3, 1, 0, 4]"
2600144,"[0, 3, 3, 3, 3, 3, 0, 3, 3, 7, 3, 0, 4, 3, 1, 4, 3, 3, 0, 0, 10, 0, 0, 0, 8, 0, 0, 4, 0, 0, 3, 0, 3, 3, 3, 4, 0, 0, 0, 3, 3, 3, 0, 8, 1, 0, 0, 8, 5, 7, 3, 3]"
2619545,"[0, 0, 10, 4, 0, 10]"
2638634,"[2, 10, 2, 3, 3, 0, 3, 0, 4, 3, 3, 3, 3, 4, 4, 0, 3, 7, 3, 6, 0, 4, 4, 3, 1, 10, 4, 3, 4, 4, 7, 0, 4, 3, 4, 4, 4, 3, 3, 3, 3, 1, 3, 3, 4, 3, 10, 3, 0, 3, 0]"
2640146,"[0, 0, 10, 3, 0, 0, 0, 0, 5, 1, 5, 0, 3, 3, 3, 10]"
2642154,"[7, 1, 0, 1, 4, 0, 10, 3, 3, 3, 3, 0, 3, 0, 1]"
2649257,"[0, 4, 4, 0, 0, 3, 0, 8, 0, 0, 3, 0, 0, 0, 0, 0, 3, 4, 0, 3, 7, 5, 3, 8, 8, 0, 5, 4, 3, 1, 0, 4, 4, 4, 5, 1, 0, 4, 7, 5, 5, 4]"
2666318,"[3, 0, 0, 6, 4, 0, 3, 10, 3, 0, 0, 0, 3, 3, 0, 7, 4, 3, 1, 3, 1]"
2679044,"[3, 0, 3, 3, 3, 10]"
2680994,"[0, 3, 3, 3, 3, 3, 3, 0, 5, 3, 3, 3, 7, 5, 3, 3, 7, 4, 3, 3, 3, 4, 3, 7, 3, 3, 0, 10, 3, 4, 8]"
2688210,"[0, 8, 0, 0, 0, 8, 0, 8, 0, 3, 7, 7, 0, 3, 3, 5, 0, 0, 0, 3, 3, 0, 3, 8, 0, 0, 3, 10, 0, 0, 1, 3, 3, 3, 3, 1, 5, 5, 1, 0, 0, 5, 3, 3, 0, 3, 0, 5, 10, 1, 0, 10, 8, 3, 10, 3, 0, 3, 0, 3, 0, 10, 7, 3, 3, 10, 1, 0, 8]"
2728423,"[10, 0, 0, 3, 3, 5, 3, 0, 8, 8, 1, 0, 3, 3, 3, 7, 1, 1, 0, 3, 3, 4, 4, 0, 5, 0, 4, 3, 3, 0, 3, 3, 3, 0, 0, 8, 3, 0, 4, 3, 0, 3, 0, 5]"
2742915,"[3, 3, 0, 3, 3, 3, 3, 3, 0, 3, 3, 3, 0, 3, 0, 3, 1, 0, 3, 3, 0, 4, 3, 3, 3, 0, 3, 0, 0, 4, 3, 3, 3, 6, 3, 4, 0, 3, 3, 3, 3, 3, 4, 0, 0, 7, 0, 3, 4, 3, 10, 10, 4, 4, 3, 0, 3, 3, 3, 0, 4, 3, 10, 8, 3, 0, 0, 0, 3, 3, 3, 7]"
2752058,"[10, 3, 5, 3, 1, 3, 3, 0, 3, 0, 3, 1, 0, 3, 3, 10, 5, 10, 5]"
2752473,"[3, 3, 3, 3]"
2769852,"[0, 3, 3, 3, 3, 0, 3, 3, 3, 3, 7, 0, 3, 8, 3, 3, 3, 0, 3, 0, 7, 1, 3, 0, 8, 1, 3, 3, 3, 1, 0, 0, 0, 0, 3, 1, 3, 10, 10, 4, 0, 3, 0, 0, 3, 10, 3, 3, 0, 3, 4, 3, 1, 0, 8, 0, 3, 0, 10, 4, 3, 1, 7, 0, 3, 1, 10, 5]"
2792455,"[0, 3, 3, 3, 3, 7, 3, 8, 5, 0, 0, 3, 0, 0, 8, 0, 0, 5, 7, 3, 3, 3, 3, 0, 3, 10, 3, 1, 3, 3]"
2806974,"[0, 0, 7, 3, 0, 0, 3, 0, 0, 0, 3, 3, 0, 3, 3, 0, 3, 3, 3, 3, 0, 7, 3, 0, 3, 3, 0, 7, 3, 3, 0, 3, 3, 7, 1, 3, 3, 3, 0]"
2819995,"[4, 7, 0, 0, 7, 3, 0, 2, 1, 3, 3, 3, 3, 3, 3, 0, 8, 0, 7, 3, 1, 3]"
2823903,"[3, 4, 3, 0, 10]"
2838499,"[3, 3, 3, 3, 3, 3, 0, 0, 3, 0, 3, 3, 0, 7, 0, 7, 3, 3, 3, 1, 3, 0, 3, 3, 3, 3, 4, 3, 3, 10, 3, 3, 10, 0, 3, 10, 1, 3, 3, 3]"
2880294,"[0, 8, 0, 0, 0, 0, 3, 0, 0, 0, 0, 0]"
2885062,"[4, 0, 3, 1, 3, 3, 3, 3, 3, 0, 3, 3, 3, 3]"
2885102,"[0, 3, 3, 3, 0, 7, 3, 0, 3, 3, 3, 3, 3, 3, 3, 7, 3, 2, 3, 0, 7, 3, 0, 3, 3, 3, 3, 3, 3, 3, 3, 3, 3, 3, 3, 3, 3, 3, 3, 0, 0, 3, 5, 7, 1, 7, 4, 2, 4, 3, 10]"
2886835,"[0, 0, 8, 3]"
2910440,"[3, 3, 0, 3]"
2920309,"[3, 0, 0, 4, 0, 3]"
2949735,"[0, 7, 0, 4, 0, 8, 4, 10, 0, 8, 3, 4, 0, 3, 4, 1, 3, 0, 0, 0, 0, 3, 0, 0, 0, 3, 0, 0]"
2953325,"[0, 3, 3, 1, 0, 3, 3, 3, 0, 3, 0, 5, 10, 0, 3, 3, 3, 0, 3, 3, 7, 1, 10]"
2977312,"[10, 0, 4, 3, 5, 0, 3, 10, 4, 3, 0, 3, 3, 5, 1, 0, 3, 1, 7, 0, 3, 0, 3, 0, 5, 3, 3, 3, 3, 3, 1, 1, 10, 3, 10, 7, 0, 3, 4, 1, 5, 0, 10, 8, 0, 3]"
2979644,"[0, 4, 0, 0, 0, 10, 0, 3, 3, 0, 3, 5, 0, 3, 0, 0, 3, 3, 3, 3, 4, 0, 3, 3, 3, 0, 3, 3, 3, 3, 3, 3, 3, 10, 3, 3, 4, 3, 3, 3, 7, 0, 1, 3, 0, 0, 3, 3, 3, 0, 3, 3, 3, 3, 7, 1, 0, 3, 0, 3, 3, 0, 7, 0, 5, 0, 10, 0, 3, 4, 1, 0, 0, 3, 3]"
2987486,"[3, 3, 0, 3, 0, 3, 7, 3, 3, 3, 1, 0, 10, 5, 0, 0, 3, 0, 7, 8, 10, 10, 3, 0, 3, 0, 0, 3, 1, 3, 3, 0, 10, 1, 1, 3, 0, 7, 0, 3, 3, 5, 1, 0, 3, 10, 10]"
3024556,"[3, 0, 3]"
3025805,"[0, 3, 0, 3, 7, 4, 3, 4, 0, 3, 7, 1, 0, 8, 3, 3, 3, 7, 4, 8]"
3028394,"[0, 0, 5, 4, 7, 0, 3, 0, 1, 3, 3, 3, 4, 6, 8, 1, 4, 8, 0, 3, 3, 4, 4, 6, 0, 5, 0, 4, 0, 10, 0, 4, 3, 4, 0, 0, 0]"
3031997,"[3, 10, 8, 0, 3, 5, 3]"
3059075,"[3, 0, 3, 3, 5, 8, 4, 7, 0, 3]"
3095818,"[3, 3, 3, 3, 0, 0, 3, 0, 0, 0, 3, 3, 3, 5, 3, 0, 3, 5, 0, 7, 8, 0, 4, 3, 0, 3, 3, 3, 7, 0, 0, 0, 0, 1, 4, 10, 0, 0, 3, 7, 4, 3, 3, 3, 4, 3, 5, 4, 3, 3, 3, 1, 0, 3, 8, 4, 3, 5, 3, 3, 0, 0, 0, 0, 0, 3, 3, 5, 4, 0, 3, 10, 0, 1, 3, 3, 3, 5]"
3096492,"[3, 4, 3, 7, 0, 3, 7, 3, 3, 1, 3, 5, 5, 3, 0, 0, 7]"
3099675,"[0, 3, 1, 5, 3, 1, 1, 3, 3, 0, 0, 3, 0, 0, 0, 5, 3, 0, 0, 0, 0, 0, 4, 3, 0, 4, 0, 3, 3, 3, 0, 3, 3, 0, 0, 0, 0, 4, 0, 0, 4, 8, 10]"
3105804,"[1, 1, 0, 3, 0, 0, 4, 3, 0, 3, 3, 3, 0, 5, 3, 3, 3, 7, 3, 3, 3, 0, 3, 5, 8, 3, 3, 10, 0, 3, 0, 0, 4, 0, 3, 3, 3, 3, 3, 4, 4, 3, 3, 4, 5, 3, 5, 3, 3, 4, 3, 3, 3, 3, 3, 3, 0, 0, 0, 10, 3, 3, 3, 3, 3, 3, 3, 3, 3, 3, 4, 4, 3, 3, 3, 3, 3, 0, 3, 3, 3, 4, 3, 3, 0, 0, 3, 0, 3, 0]"
3112136,"[3, 3, 3]"
3125976,"[0, 3, 0, 4, 7, 3, 3, 0, 3, 0, 3, 3, 5]"
3129169,"[0, 3, 4, 0, 0, 0, 0, 0, 0, 8, 10, 0, 2, 0, 3, 0, 10, 0, 3, 10, 3, 10, 3, 1, 10, 3, 0, 3, 3, 3, 5, 7, 8, 3, 0, 0, 0, 0, 3, 10, 3, 0, 3, 3, 0, 0, 0, 0, 10, 8, 10, 0, 0, 0, 8, 3, 3, 4, 0, 0, 0, 7, 10]"
3132637,"[3, 1, 3, 3, 3, 3, 10, 0]"
3140828,"[3, 0, 5, 3, 3, 0, 3, 3, 3, 3, 3, 3, 3, 1, 8, 7, 1, 5, 8, 3, 0, 3, 1, 0, 0, 3, 3, 3, 0, 0, 1, 3, 3, 0, 0, 0, 10, 0, 0, 0, 0, 0, 3, 5, 1, 0, 3, 3, 3, 4, 3, 3, 3, 1, 3, 3, 3, 3, 4, 0, 5, 5, 10, 3, 3]"
3145613,"[1, 3, 3, 7, 0, 3, 0, 3, 0]"
3170133,"[0, 3, 5, 5, 0, 3, 1]"
3170260,"[3, 0, 5, 3, 3, 3, 3, 5, 3, 0, 0, 3]"
3175826,"[0, 3, 7, 3, 0, 0, 3, 0, 0, 4, 8, 1, 0]"
3193295,"[1, 3]"
3210303,"[3, 0, 3, 4, 0, 3, 3, 0, 3, 10, 0, 4, 1, 3, 0, 0, 3, 3, 0, 0, 7, 0, 0, 0, 10, 0, 5, 3, 0, 0, 3, 0, 1, 1, 3, 3, 0, 0, 0, 3, 0, 4, 3, 0, 4, 0, 4, 0, 7, 0, 8, 3, 8, 3, 3, 0, 3, 0, 3, 0, 0, 0, 3, 10, 7]"
3210646,"[0, 3]"
3213906,"[0, 0, 4, 4, 0, 4, 0, 3, 0, 3, 3]"
3274071,"[0, 3, 3, 7, 3, 3, 0, 3, 3, 0, 5, 7, 5, 4, 3, 3, 4, 3, 0, 3, 1, 0, 0, 5, 1, 0, 3, 3, 4, 10, 10]"
3326121,"[3, 0, 0, 0, 3, 3, 0, 3, 3, 3, 0, 3, 0, 3, 5, 3, 1, 3, 3, 0, 3, 3, 3, 7, 3, 4, 3, 3, 10, 0, 3, 3, 3, 3, 3, 3, 10, 5]"
3344455,"[3, 3, 4]"
3370462,"[0, 3, 3, 3, 3, 3, 3, 4, 0, 7, 3, 3, 0, 0, 0, 5, 0, 3, 3, 0, 5, 0, 0, 0, 0]"
3371111,"[0, 3, 0, 0, 0, 0, 3, 3, 0, 3, 10, 0, 3, 1, 3, 10, 0, 3, 0, 3, 0, 3, 0, 4, 3, 0, 3, 0, 8, 3, 3, 3, 0, 3, 5, 10, 0, 3, 10, 0, 0, 3, 3, 3, 0, 7, 4, 4, 0, 8, 0, 3, 4, 6, 10, 4, 0, 1, 0, 10, 8, 10, 0]"
3377778,"[3, 0, 0, 8, 8, 3, 3, 0, 3, 3, 3, 7]"
3439619,"[3, 3, 3, 4, 3, 7, 10, 0, 3, 1, 3, 10, 3, 10, 0, 3, 3, 3, 0, 3, 2, 0]"
3454830,"[0, 0, 7, 0, 3, 0]"
3514297,"[4, 8, 4, 0, 0, 3, 10, 4, 0]"
3547149,"[3, 4, 5, 10, 0, 3, 3, 3, 0, 3, 3, 3, 0, 0, 0]"
3548070,"[0, 3, 3, 3, 0, 0, 3, 5]"
3550323,"[4, 7, 1, 0, 3, 3, 3, 3, 10, 0, 3, 0, 5, 3, 3, 3, 3, 3, 3, 3, 0, 3, 0, 0, 0, 0, 3, 7, 3, 4, 3, 3, 0, 3, 3, 3, 3, 0, 4, 7, 3, 7, 3, 7, 0, 2, 0, 3, 1, 3, 3, 0, 1, 3, 1, 5, 3, 1, 0, 0, 2, 5, 3, 3, 1, 1, 3]"
3557065,"[0, 3, 2, 3, 0, 3, 0, 0, 3, 3, 4, 0, 4, 0, 0, 1, 0, 3, 3, 0, 3, 4, 0, 7, 3, 1, 10, 0, 3, 0, 0, 4, 3, 4, 0, 3, 3, 3, 3]"
3565169,"[0, 5, 8, 0, 10, 3, 3, 3, 3, 5, 0, 8, 3, 3, 0, 0, 8, 0, 0, 0, 0, 0, 7, 0, 0, 3, 0, 0, 3, 0, 3, 0, 3, 3, 0, 0, 0, 3]"
3570614,"[0, 7, 7, 10, 0, 3, 4, 0, 3, 8, 8, 0, 8, 3, 0, 3, 3, 3, 0, 3, 3, 3, 1, 3, 10, 7, 1, 3, 0, 4, 3, 3, 0, 3, 0, 3, 3]"
3598844,"[0, 0, 5, 0, 3, 3, 3, 8, 0, 7, 3, 3, 3, 0, 3, 0, 0, 8, 3, 3, 5, 5, 0, 0, 5, 0, 10, 3, 3, 3, 0, 0, 0, 3, 10, 0, 0, 3, 1, 3, 3, 4, 3, 0, 10, 0, 0, 7, 0, 0, 3, 0, 3, 7, 3, 3, 3]"
3599765,"[3, 3, 3, 0, 0, 10, 3, 3, 3, 3, 0, 1, 3, 0, 3, 3, 3, 0]"
3600737,"[0, 1, 0, 3, 4, 3, 3, 3, 3, 0, 3, 3, 3, 0]"
3610519,"[3, 3, 4, 1, 0, 3, 3, 3]"
3673436,"[3, 3, 7, 10, 3, 3, 3, 3, 3, 3, 3, 3, 3]"
3674173,"[0, 0, 0, 10, 0, 3, 3, 3, 10, 0, 0, 3, 0, 0, 3, 1, 3, 3]"
3680813,"[0, 3, 0, 0, 4, 0, 3, 5, 0, 5, 10, 3, 0, 0, 0, 3, 4, 10, 3, 3, 0, 3, 3, 0, 3, 1, 0, 1, 8, 3, 3, 3, 3, 0, 3, 3, 0, 3, 3, 0, 0, 5, 1, 3, 3, 0, 0, 0, 3, 8, 3, 3, 10, 0, 0, 0, 0, 3, 0, 7, 0, 3, 10, 5, 3, 3, 10, 0, 8, 4, 3, 5, 0]"
3703551,"[0, 3, 0, 3, 3, 0, 0, 3, 0, 3, 0, 0, 8, 3]"
3710183,"[0, 5, 3, 3, 3, 3, 2, 0, 3, 3, 8, 10, 7, 0, 0, 0, 0, 5, 0, 3, 4, 0, 4, 3, 3, 3, 3, 3, 3, 3, 3, 3, 3, 3, 3, 3, 0, 0, 3, 0, 0, 0, 3, 8, 0, 0, 3, 3, 0, 3, 3, 0, 3, 3, 3, 10, 3, 0, 3, 7, 3]"
3727473,"[3, 0, 0, 3, 3, 1, 3, 0, 3, 3, 0, 3, 0, 0, 3, 3, 5, 7, 3, 0, 0, 3, 3]"
3755901,"[3, 0, 4, 4, 0, 5, 5, 3, 8, 6, 3, 3, 0, 0, 0, 0, 7, 0, 3, 3, 3]"
3782947,"[0, 0, 8, 4, 3, 0, 4, 4, 8, 0, 0, 0, 6, 0, 1, 0, 3, 1, 4, 8, 0, 3, 5, 0, 3, 0, 0, 0, 3, 7, 0, 3, 7, 3, 3, 0, 3, 4, 3, 3, 3, 3, 8, 0, 5, 3, 7, 3, 3, 3, 8, 0, 4, 3, 0, 0, 0, 0, 3, 3, 3, 5, 0, 0, 5, 0, 8, 10, 5, 10, 0, 0, 4, 4, 10, 10]"
3815680,"[0, 0, 5, 3, 0, 3, 3, 3, 3, 3, 3, 7, 3, 3, 3, 0, 0, 0, 3, 10, 0, 3, 7, 10, 8, 0, 0, 1, 3, 3, 0, 8, 3, 0, 0, 0, 0, 0, 3, 1]"
3820793,"[0, 3, 0, 4, 7, 0, 3, 3]"
3821533,"[5, 3, 7, 3, 1, 7, 0, 0, 5, 8, 5, 1, 1, 1]"
3823100,"[3, 3, 4, 4, 0, 3, 0, 4, 7, 0, 3, 3, 4, 3, 0, 3, 4, 0, 0, 5, 0, 5, 7, 0, 0, 0, 3, 3, 4, 1, 0, 5, 8, 3, 0, 3, 0, 3, 10, 5, 0, 7, 0, 7, 4, 1, 1, 3, 10, 3, 5, 0, 3, 0, 3, 0, 0, 0, 0]"
3843878,"[3, 0, 3, 0, 0, 3, 0, 3, 3, 3, 3, 3, 3, 10, 0, 3, 3, 8, 4, 5, 8, 0, 0, 0, 0, 3, 0, 0, 7, 8, 8, 3, 0, 0, 0, 3, 4, 0, 3, 5, 0, 0, 0, 5, 3, 3, 3, 3, 8, 0, 3, 3, 0, 3, 0, 10, 8, 0, 3, 0, 1, 3, 3, 3, 3, 5, 0, 8]"
3869472,"[3, 4, 0, 3, 3, 0, 3, 3, 3, 3, 10, 0, 3, 0, 0, 5]"
3879782,"[10, 3, 0, 0, 0, 3, 3, 0, 0, 0, 3, 0, 4]"
3895377,"[3, 3, 0, 3, 0, 0, 7, 4, 3, 3, 4, 3]"
3901054,"[0, 3, 4, 1, 0, 0, 3, 1, 0, 0, 3, 3, 3, 3, 3, 3, 5, 3, 4, 10, 1, 5, 3, 4, 3, 4, 0, 0, 8, 3, 8, 0, 8, 1, 3, 0, 0, 0, 0, 0, 3, 0, 3, 1, 7, 3, 0, 0, 0, 0, 4, 4, 4, 0, 3, 0, 3, 3, 0, 0, 10, 3, 3, 0, 3, 3, 7, 3, 0, 3, 1, 3, 3, 3, 3, 1, 0, 4, 3, 0, 3, 0, 1, 3, 3, 1, 3, 3, 4, 3, 3, 1, 8]"
3904788,"[0, 0, 5, 5, 5, 3, 3, 0, 0, 3, 4, 3, 3, 3, 3, 4, 1, 0, 3, 4, 1, 0, 0, 5, 8, 3, 0, 8]"
3990404,"[0, 0, 3, 5, 5, 3, 3, 3, 0, 4, 10, 1, 8, 5, 0, 0, 10, 0, 0, 2, 3, 1, 3, 3, 3, 3, 0, 10, 3, 10, 3, 3, 3, 3, 3, 3, 7, 2, 10, 0, 1]"
3990450,"[3, 4, 8, 5, 0, 4, 0, 3, 7, 5, 3, 3, 3, 3, 1, 3, 3, 3, 8, 0, 10, 8, 10, 0, 0, 0, 3, 0, 3, 8, 3, 1, 8, 4, 10, 8, 4]"
4032727,"[0, 3, 3, 3, 0, 0, 0, 3, 3, 0, 10, 0, 3, 8, 3, 0, 0, 10]"
4082935,"[3, 3, 4]"
4110734,"[0, 5, 8, 5, 3, 0, 3, 0, 3, 5, 4, 0, 8, 3, 0, 3]"
4154028,"[3, 0, 3, 0, 3, 3, 3, 0, 3, 10, 3, 0, 3, 3, 3, 4, 0, 3, 3, 0, 3, 3, 3, 3, 3, 0, 3, 3, 3, 3, 4, 3, 10, 1, 1, 3, 0, 3, 0, 0, 3, 3, 3, 0, 4, 7, 4, 3, 3, 3, 0, 3, 4, 3, 3, 0, 0, 4, 3, 0, 3, 0, 0, 0, 8, 0, 3, 3, 7, 3, 0, 7, 3, 7, 3, 4, 3, 0, 0, 3, 0, 0, 3, 0, 3, 10, 0, 3, 10, 3, 4, 3, 3, 3, 0, 3, 3, 3, 3, 3, 0, 10, 4, 3, 3, 3, 3, 3, 3, 3, 3, 3, 3, 4]"
4186717,"[5, 0, 0, 3, 8, 5, 0, 3, 0, 0]"
4240215,"[3, 0, 5, 0, 0, 7, 4, 3, 3, 1, 3, 7, 5, 3, 0, 0, 8, 0, 0, 0, 0, 0, 0, 3, 0, 0, 0, 0, 7, 3, 4, 3, 3, 0, 4, 1, 7, 4, 0, 4, 3, 0, 3, 3, 8, 3, 0, 4, 4, 4, 3, 0, 4, 8, 3, 0, 3, 0, 3, 3, 1, 3]"
4246026,"[5, 4, 3]"
4268056,"[10, 3, 3, 3, 10, 1, 0, 0, 3, 10, 3, 0, 0, 10, 3, 3, 1, 3, 10, 3, 8, 10, 10]"
4289049,"[0, 5, 3, 3, 0, 3, 3, 3, 3, 1, 1, 0, 10, 3, 0, 3, 4, 10, 3, 4, 3, 3, 3, 0, 4, 0, 3, 0, 4, 4, 3, 1, 1, 1, 1, 3, 0, 0, 3, 0, 4, 5, 3, 3, 3, 0, 3, 0, 0, 0, 4, 5, 4, 0, 5, 3, 0, 10, 0, 5]"
4305033,"[0, 0, 3, 0, 0, 10, 1, 7, 0, 3, 3, 3, 3, 0, 0, 0, 3, 3, 4, 3, 0, 3, 7, 3, 0, 3, 8, 3, 0, 10, 3, 3]"
4317405,"[3, 0, 4, 3, 3, 3, 1, 3, 3, 3, 3, 3]"
4335073,"[0, 0, 4, 5, 0, 10, 6]"
4340789,"[3, 8, 3, 3, 3, 3, 0, 0, 3, 4, 0, 10, 10, 3, 3]"
4390986,"[0, 8, 5, 0, 4, 0, 0, 3, 0, 10]"
4401133,"[0, 0, 4, 0, 3, 3]"
4415958,"[3, 0, 4, 5, 5, 3, 4, 3, 10, 3, 0, 3, 2, 5, 4, 0, 3, 0, 0, 3, 5, 0, 3, 3, 3, 0, 5, 1, 0, 0, 0, 3, 10, 3, 3, 3, 10, 3, 5, 5]"
4436565,"[0, 0, 3, 3, 0, 0, 0, 0, 1, 5, 10, 0, 3]"
4447058,"[3, 0, 3, 3, 7, 4, 3, 4, 4, 4, 0, 0, 4, 8, 3, 7, 10, 3, 0, 0, 0, 4, 7, 4, 3, 0, 4, 0, 3, 0, 3, 1, 3, 10, 1, 3, 10]"
4544340,"[0, 5, 0, 1, 3]"
4562945,"[5, 3, 3, 3, 3, 3, 3, 3, 3, 0, 3, 4, 3, 4, 0, 0, 0, 3, 3, 0, 1, 3, 4, 3, 3, 10, 7, 0, 3, 0, 4, 3, 0, 3, 4, 3, 10, 7, 3, 0, 4, 10, 3, 3, 3, 3, 3, 3, 0, 0, 3, 7, 7, 3, 0, 4, 8, 5, 3, 1]"
4610810,"[10, 0, 3, 3, 0, 3, 8, 1, 3, 3, 3, 1, 5, 0, 0, 1, 0, 0, 3, 3, 10, 4, 0, 4, 7, 3, 3, 3, 0, 3, 3, 3, 3, 4, 5, 0, 3, 4, 4, 10, 3, 7, 2, 0, 8, 10, 0, 4, 0, 3, 10, 3, 3, 8, 3, 3, 3, 3, 4, 0, 7, 3, 10, 8, 0, 5]"
4614452,"[10, 0, 0, 3, 3, 3, 3, 3, 3, 1, 3, 0, 0, 0, 3, 10, 0, 8, 3]"
4640513,"[8, 0, 0, 0, 0, 3, 3]"
4672611,"[4, 3, 4, 4, 3, 8, 6, 3, 1, 0, 10, 1]"
4678118,"[3, 3, 3, 3, 3, 0, 10, 5, 5, 3, 3, 3, 0, 3]"
4681364,"[3, 3, 1, 8, 3, 3, 3, 0, 3, 3]"
4684910,"[3, 3, 0, 0, 0, 3, 10, 8]"
4685891,"[3, 4, 3, 7, 3, 0, 3, 3, 3, 0, 4, 3, 8, 5, 3, 3, 7, 3, 3, 0, 0, 3, 8, 10, 3, 7, 5, 3, 3, 3, 3, 10]"
4694464,"[8, 8, 0, 0, 3, 3, 0, 3, 0, 3, 3, 5, 0, 3, 3, 5, 3, 4, 4, 3, 10, 3, 1, 3, 4, 3, 3, 5, 5, 5, 8]"
4697464,"[3, 0, 3, 0, 0, 0, 7, 3, 0, 0, 0, 10, 0, 0, 3, 7, 8, 3, 7, 10, 0, 0, 4, 0, 3, 5]"
4746060,"[0, 0, 0, 0, 0, 4, 4, 4, 0, 3, 1, 5, 0, 0, 3, 0, 0, 3, 4, 0, 3, 0, 1, 3, 0, 10, 0, 0, 3, 3, 8, 0, 10, 3, 3, 3, 10, 0, 10, 1]"
4777324,"[3, 3, 0, 0, 0, 10, 3, 5, 0, 0, 0, 3, 7, 3, 5, 8, 3, 3, 3, 3, 3, 3, 3, 3, 0, 10, 1, 8, 5, 0, 0, 3, 3, 1, 3, 2, 5, 3, 0, 8, 5, 0, 0, 3, 0, 3, 0, 8, 3, 3, 0, 8, 1, 0, 10, 0, 4, 3, 0, 8, 1, 0, 1, 0, 0, 0]"
4788277,"[3, 0, 0, 2, 3, 7, 0, 0, 7, 3, 0, 3, 3, 0, 3, 4, 0, 4, 4, 3]"
4798258,"[3, 3, 3, 3, 0, 3, 5, 5, 8, 0, 0, 8, 8, 7, 0, 6, 7, 0, 1, 0, 0, 8, 0, 0, 1, 4, 4, 0, 0, 0, 3, 0, 0, 0, 8, 4, 3, 0, 4, 3, 4, 0, 1, 3, 0, 0, 0, 0, 3, 3, 4, 3, 3, 0, 0, 0, 8, 0, 3, 1, 3, 3, 10, 3, 1, 0]"
4829230,"[1, 5, 0, 0, 1, 0, 0, 3, 10, 8, 8, 1, 5, 10]"
4865862,"[0, 0, 0, 3, 5, 0, 5, 0, 3, 0, 0, 0, 0, 3, 3, 3, 10, 3, 3, 3, 3, 3, 3, 1, 1, 3, 0, 3, 3, 8, 0, 0, 8, 10, 8, 0, 0, 3, 5]"
4871852,"[3, 3, 0, 3, 10, 1, 6, 0, 3, 3, 3]"
4940876,"[3, 3, 7, 0, 7, 0, 10, 7, 3, 0, 3, 3, 3, 1, 3, 0, 10, 1, 3, 3, 0, 3, 3, 0, 4, 4, 4, 3, 7, 6, 3, 3, 1, 0, 7, 3, 5, 0, 1, 5, 0, 3, 0, 0, 1, 3, 3, 4, 3, 3, 3, 3, 3, 3, 0, 0, 3, 3, 3, 0, 0, 10, 0, 0, 0]"
4966348,"[0, 3, 3, 0, 3, 0, 10, 3, 3, 10, 3, 0, 3, 3, 3, 3, 3, 3, 3, 0, 3, 3, 3, 3, 3, 10, 8, 10, 10, 3, 0, 0, 10, 3, 0, 3, 0, 0, 0, 0, 3, 3, 3, 10, 3, 0, 10, 3, 3, 0, 3, 3, 3, 4, 0, 0, 0, 0, 0, 0]"
5047454,"[3, 3, 1, 0, 4, 3, 3]"
5060456,"[3, 3, 0, 3, 7, 3]"
5112836,"[7, 0, 0, 7, 3, 0, 0, 3]"
5118109,"[5, 0, 0, 3, 5, 0, 4, 0, 0, 8, 3, 4, 3, 0, 0, 0, 7, 0, 3, 1, 8, 8, 0, 0, 3, 3, 3, 0, 0, 0, 3, 5, 3, 3, 7, 3, 1, 0, 3, 3, 3, 0, 10, 3, 5]"
5159792,"[0, 3, 0, 4, 3, 1, 1, 3, 3, 8, 3, 3]"
5174138,"[3, 3, 0, 0, 3, 0, 5, 0, 5, 3, 0, 0, 10, 0, 0, 0, 3, 0, 0, 0, 4, 0, 0, 7, 0, 0, 3, 0, 3, 7, 7, 0, 1, 0, 0, 0, 0, 10, 0, 0, 0, 8, 5, 3, 0, 0, 3, 1, 3, 8, 0, 8, 0, 1, 0, 0, 3, 3, 0, 0, 0, 0, 7, 0, 1, 3, 0, 3, 10, 0, 0, 3, 0, 0, 4, 0, 8, 3, 10, 5, 10, 4, 1, 8, 0, 1, 0, 4, 8]"
5199340,"[4, 3, 3, 0, 0, 3, 5, 5]"
5236777,"[0, 3, 3, 3, 1, 3, 4, 3, 8, 7, 5, 3, 3]"
5283093,"[0, 8, 4, 3, 3, 3, 0, 3, 3, 3, 0, 0, 10, 0, 0, 0, 4, 8, 3, 7, 3, 1, 0, 3, 0, 0, 0, 8, 3, 4, 8, 0, 3, 0, 4, 10, 4, 3, 3, 0, 3, 0, 3, 8, 0, 0, 3, 4, 4, 0, 3, 3, 3, 4, 3, 3, 3, 3, 0, 3, 3, 0, 3, 0, 0, 3, 3, 7, 3, 3, 1, 3, 5, 4, 3, 10, 3, 2, 0, 6, 3, 3, 3, 3, 4, 3, 0, 8]"
5297549,"[0, 4, 3, 3, 10, 0, 4, 4, 3, 0, 0, 0, 0, 4, 0, 0, 0, 10, 0, 1, 1, 0, 0, 0, 0, 3, 3, 0, 0, 3, 0, 5, 0, 1, 4, 1, 4, 3, 4, 3, 3, 2, 3, 7, 10, 0, 10, 10, 1, 4, 10, 3, 1, 10, 10, 3, 0, 3, 10, 0, 0, 4, 0, 4, 3]"
5317549,"[0, 1, 0, 0, 0, 3, 3, 3, 7, 7, 3, 3, 5, 5, 0, 3, 0, 0, 0, 0, 7, 3, 3, 3, 8, 4, 8, 1, 7, 8, 10, 3, 3, 0, 3, 0, 3, 1, 0, 3, 7, 3, 8, 3, 4, 3, 3, 3, 7, 4]"
5326648,"[0, 3, 0, 0, 3, 0, 3, 3, 3, 0, 0, 10, 3, 3, 0, 3, 0, 0, 0, 3, 10, 8, 0, 0, 3, 3, 4, 3, 3, 0, 4, 3, 0, 10, 0, 3, 3, 3, 3, 3, 7, 3, 3, 8, 0, 0, 3, 3]"
5330839,"[0, 0, 0, 0, 5, 0, 3, 3, 3, 3, 3, 3, 3]"
5391207,"[3, 3, 3, 0, 10, 3, 3, 3, 10, 1, 10, 5, 0, 4, 3, 0, 0, 3, 3, 0, 3, 0]"
5398963,"[1, 3, 0, 0, 7, 4, 0, 7, 0, 4, 0, 3, 4, 4, 0, 6, 8, 0, 3, 0, 3, 6, 10, 0, 4, 3, 3, 3, 3, 0, 8, 7, 6, 0, 7, 0, 3, 3, 4, 0, 10, 3, 3, 7, 0, 0]"
5468633,"[10, 3, 3, 3, 3, 3, 0, 3, 3, 3, 3, 5, 3, 5]"
5482994,"[0, 8, 4, 0, 0, 0, 4, 4, 0, 0, 3, 0, 3, 0, 0, 4, 1, 3, 3, 0, 3, 0, 0, 7, 3, 3, 1, 2, 0, 0, 5, 3, 8]"
5501399,"[3, 0, 5, 3, 0, 0, 3, 5, 3, 8, 3, 0, 3, 3, 0, 0, 3, 0, 0, 7, 0, 3, 3, 3, 1, 7, 0, 0, 3, 3, 3, 0, 4]"
5542682,"[3, 1, 3, 1, 5, 0, 3, 1, 0, 4, 0, 8, 10, 0, 3, 3, 0, 3, 0, 0, 7, 1, 0, 3, 5, 0, 5, 3, 3, 3, 1, 5, 3, 3, 4, 3, 0, 0, 3, 3, 0, 3, 0, 0, 0, 0, 4, 4, 5, 0, 7, 3, 0, 0, 3, 0, 3, 3, 3, 3, 1, 3, 4, 3, 3, 3, 3, 5, 0, 0, 4, 3, 3, 3, 0, 3, 0, 5, 0, 4, 3, 3, 3, 0, 3, 5, 0, 3, 3, 0, 3, 3, 7, 3, 3, 5, 4, 0, 3, 3, 3, 0, 4, 3, 0, 0, 1, 3, 3, 6, 4, 3, 3, 4]"
5560593,"[3, 0, 8]"
5566494,"[3, 0, 1, 3, 3, 0, 0, 3]"
5589714,"[8, 3, 3, 5, 3, 0, 3, 3, 10, 1, 10, 3, 3, 3, 3, 3, 8, 3, 3, 1, 10]"
5668860,"[3, 0, 3, 0, 3, 0, 3, 4, 10, 1, 3, 3, 3, 10, 0, 3, 0, 0, 0, 0, 4, 3, 10, 4, 0, 3, 0, 3, 8, 3, 4, 3, 3, 3, 0, 10, 10, 7, 10, 8, 3, 10, 3, 0, 1, 1, 0, 3]"
5766046,"[7, 3, 0, 3, 4, 3, 4, 0, 0, 0, 0, 4, 0, 0, 3, 0, 0, 0, 4, 8, 3, 10, 0, 0, 4, 3, 0, 10, 0, 3, 0, 0, 3, 0, 0, 0, 0, 0, 0, 4, 0, 0, 3, 4, 3, 4, 4, 0, 3, 0, 0, 0, 4, 3, 10, 4, 3, 4, 4, 0, 3, 3, 3, 3, 3, 8, 4, 0, 1, 0, 3, 3, 0, 4, 0, 0, 0, 0, 0, 0, 4, 0, 0, 0, 3, 0, 4, 0, 0, 4, 1, 3, 0, 3, 0, 0, 1, 1, 8, 1, 0, 0]"
5766332,"[0, 0, 3, 3, 0]"
5791363,"[3, 3, 3, 6, 0, 8, 3, 3, 0, 3, 1, 3, 0, 0, 3, 0, 3, 0, 3, 3, 3, 0, 8, 3, 4, 3, 0, 4, 3, 0, 0, 3, 3, 3, 3, 0, 3, 4, 3, 3, 10, 3, 0]"
5831848,"[3, 4, 0, 1, 3, 0, 3, 3, 1, 3, 4, 8, 4, 3, 0, 3, 0, 8, 1, 0, 10, 3, 3, 3, 0, 8, 4, 0, 0, 10, 8, 3, 0, 3, 3, 3, 3, 4, 0, 0, 7, 0, 3, 0, 0, 8, 5, 3, 0, 4, 0, 3, 3, 3, 8, 0, 0, 4, 3, 10, 1, 1, 0, 1, 3, 0, 4, 3, 10, 0, 0, 0, 0, 0, 8, 0, 8, 8, 3, 3, 4, 3, 0, 0, 8, 3, 0, 3, 0, 5]"
5846373,"[0, 0, 7, 3, 1, 0, 4, 10, 0, 0, 4, 0, 8]"
5848001,"[0, 0, 10, 8, 3, 5, 0, 4, 3, 0, 5, 8, 3, 1, 3, 0, 0, 8, 0, 0]"
5867940,"[10, 3, 3, 3, 3, 3, 3, 3, 3, 3, 3, 3, 0, 3, 3, 4, 3, 3, 3, 3, 3, 3, 3, 3, 3, 3, 3, 3, 3, 3, 3, 0, 3, 3, 3, 10, 0, 3, 3, 3, 0, 3, 3, 3, 3, 3, 10, 3, 3, 1, 3, 7, 3, 3, 3, 3, 8, 0, 0, 3, 10, 0, 3, 3]"
5892193,"[6, 3, 8, 4, 3, 3, 8, 0, 3, 5, 10, 3, 3, 3, 0, 5, 3, 3, 3, 0, 3, 3, 10, 3, 3, 3, 3, 3, 3, 3, 3, 0]"
5905476,"[3, 0, 0, 4]"
5980485,"[0, 0, 0, 5, 0, 3, 0, 0]"
5991667,"[0, 0, 3, 0, 3, 3, 7, 0, 7, 3, 1, 10, 3, 5, 0, 3, 0, 3, 0, 3, 3]"
6004372,"[0, 0, 8, 3, 0, 8, 10, 3, 5, 0, 8, 0, 3, 0, 0, 3, 0, 5, 0, 10, 8, 3, 5, 4, 0, 0, 5, 3, 10, 0, 0, 3, 3, 10, 8, 1, 3, 0, 3, 3, 7, 0, 3, 3, 10, 0, 0, 7, 5, 8, 8, 1, 0, 0, 5, 5, 3, 3, 0, 1, 1, 3, 3, 3, 1, 0, 3, 1, 0, 0, 0, 3, 3, 7, 10, 7, 7, 10, 5]"
6011641,"[3, 0, 8, 0, 3, 3, 3, 3, 10, 8, 3, 0, 3, 3, 0, 3, 0, 0, 0, 3, 3, 3, 0, 0, 3, 3, 3, 8, 0, 3, 1, 0, 0, 0, 5, 3, 3, 3, 3, 3, 3, 0, 0, 0, 0, 10, 4, 0, 0, 3, 3, 3, 0, 0, 3, 0, 3, 0, 0, 5, 0, 0, 4, 3, 0, 3, 4, 5, 3, 4, 0, 3, 0]"
6034681,"[3, 5, 0, 1, 3, 1, 3, 1, 3, 3, 4, 1, 1, 4, 5]"
6043918,"[3, 8, 3, 3, 0, 0, 0, 0, 2, 8, 2, 7]"
6060885,"[3, 0, 3, 0, 0, 7, 3, 10, 7]"
6074576,"[3, 3, 3, 7]"
6081230,"[5, 5, 0, 3, 0, 0, 0, 0, 3, 5, 0, 10, 3, 0, 0, 3, 3, 10, 3, 5, 0, 0, 0, 3, 0, 3, 3, 0, 0, 0, 0, 3, 4, 0, 2, 0, 3, 3, 3, 1, 10, 3, 0, 0, 1, 0, 8, 0, 3, 7, 3, 7, 7, 0, 1, 8, 3, 10, 7, 3, 3, 4, 0, 3, 3, 3, 5, 0, 1, 4, 5, 4, 4, 3, 5, 3, 7, 3, 1, 0, 3, 5, 0, 3, 3, 3, 8, 3, 3, 0, 4, 4, 3, 7, 3, 10, 1, 3, 5, 0, 3]"
6097521,"[0, 0, 1, 5, 10, 3, 3, 0, 0, 0, 0, 3, 3, 3, 1, 0, 0, 3, 3, 4, 3, 5, 3, 5, 3, 3, 3, 7, 3, 5, 5, 0, 10, 0, 3, 1, 0, 3, 0, 0, 4, 0, 3, 0, 3, 0, 0, 3, 0, 3, 3, 4, 3, 1, 3, 3, 0, 10, 3, 3, 10, 3, 3, 4, 0, 0, 5]"
6117093,"[3, 0, 0, 3, 8, 8, 6, 0, 6, 0, 0, 8, 8, 6, 4, 0, 4, 0]"
6127063,"[8, 0, 3, 3, 0, 0, 3, 0, 3, 4, 0, 0, 3]"
6167400,"[0, 8, 1, 3, 0, 3, 7, 3, 3, 3, 1, 3, 7]"
6179287,"[3, 3, 3, 3, 10, 7, 3, 3]"
6210573,"[3, 4, 3, 3, 10, 7, 0, 7, 4, 1, 10, 0, 3, 3, 3, 3, 3, 3, 0, 3, 3, 7, 0, 0, 0, 3, 3, 3, 3, 3, 7, 0, 10, 3, 0, 3, 0, 0, 10, 7, 3, 0, 1, 3, 3, 3, 0, 0, 3, 3, 3, 3, 3, 3, 0, 1, 10]"
6212119,"[0, 3, 3, 3, 4, 0, 0, 10, 7, 7, 4, 3, 6, 3]"
6218427,"[3, 3, 8, 7, 0, 3, 0, 8, 0, 1, 3, 3, 0, 0, 0, 10, 8, 6, 3, 0, 3, 0, 0, 4, 3, 0, 0, 0, 3, 0, 0, 3, 7, 8, 0, 3, 0, 0, 1, 7, 3, 0, 0, 4, 0, 3, 3, 3, 3, 1, 0, 3, 3, 0, 1, 3, 5, 0, 1, 0]"
6234983,"[0, 0, 3, 3, 3, 3, 4, 0, 0, 0, 3, 3, 3, 3, 3, 0, 3, 3, 3, 0, 0, 0, 0, 3, 7, 1, 3, 0, 0, 0, 1, 0, 3, 0, 0, 3, 8, 0, 0, 3]"
6302415,"[0, 8, 4, 3, 0, 3, 3, 3, 8]"
6304360,"[3, 3, 5, 5, 3, 4, 3]"
6322722,"[3, 5, 0, 0, 1, 3, 0, 3, 5, 1]"
6342627,"[0, 3, 0, 3, 3, 3, 7, 0, 3, 3, 3, 3, 3, 0, 0, 3, 0, 3, 3, 3, 1, 3, 0, 3, 3, 10, 7, 3, 1, 0]"
6344136,"[3, 0, 0, 0, 0, 3, 3, 3, 0, 0, 3, 0, 3, 0, 0, 8, 0, 3, 0, 3, 3, 8, 8, 0, 4, 0, 0, 0, 3, 0, 3, 3, 0, 5, 0, 3, 3, 0, 3, 0, 3]"
6400083,"[3, 3, 3, 0, 3, 0, 0, 0, 10, 0, 3, 3, 3, 0, 4, 0, 4, 3, 3, 3, 10, 0, 4, 3, 3]"
6401155,"[0, 8, 0]"
6416597,"[3, 3, 3, 8]"
6421844,"[3, 8, 3, 8, 0, 7, 5, 8, 0, 0, 3, 0, 0, 0, 3, 0, 3, 0, 3, 3, 3, 4, 3, 8]"
6449273,"[3, 4, 0, 0, 0, 3, 4, 3, 3, 3, 10, 0, 0, 3, 3, 3, 0, 3, 0, 0, 3, 0, 3, 3, 10, 0, 3, 10]"
6527176,"[0, 0, 5, 0, 3, 0, 3, 3, 3, 3, 3, 0, 8, 3, 3, 0, 5, 3, 0, 3, 3, 3, 0, 3, 1, 3, 0, 0, 0, 0, 3, 3, 0, 7, 0, 10, 0, 0, 0, 0, 7, 0, 3, 4, 3, 6, 3, 8, 3, 5, 8, 10, 3, 0, 8, 4, 0, 3, 4, 3, 5, 10, 10, 4, 7, 7, 4, 10, 1, 1, 0, 3, 4, 4, 4, 3, 0, 1]"
6537778,"[3, 8, 0, 3, 4, 3, 3, 4, 3, 0, 3, 4, 7, 3, 0, 4, 0, 10, 7, 8, 10, 3, 3, 3, 4, 3, 3, 3, 1, 3, 4, 4]"
6619702,"[5, 0, 3, 3, 0, 0, 0, 5, 3, 10, 0, 0, 3, 3, 7, 8, 0, 3, 4, 1]"
6632229,"[0, 3, 1, 3, 1]"
6640052,"[0, 0, 8, 3, 3, 0, 8, 4, 0, 0, 0, 3, 3, 0]"
6740261,"[0, 4, 4, 0, 3, 3, 3, 4, 0, 10, 0, 1, 1, 1, 0, 1, 0, 1, 1, 3, 8, 4, 5, 5, 0, 8, 0, 3, 3, 0, 0, 3, 3, 3, 3, 0, 3, 0, 10, 3, 3, 0]"
6834654,"[1, 8, 0, 3, 10, 8, 8, 1]"
6838264,"[4, 1, 1, 0, 8, 0, 6, 5, 3, 0, 0, 3, 3, 4, 8, 10, 0, 3, 0, 4, 3, 4, 0, 3, 8, 1, 3, 3, 3, 0, 5, 8, 5]"
6856839,"[3, 3, 0, 0, 0, 7, 3, 0, 0, 0, 3, 0, 0, 4, 0, 0, 3, 3]"
6878966,"[0, 0, 0, 3, 3, 5, 3, 1, 3, 4, 3, 3, 3, 3, 1, 10, 0, 10, 3, 3, 5, 3]"
6939673,"[5, 8, 10, 0, 0, 8, 0, 8, 0, 0, 3, 5, 3, 0, 1, 0, 1, 1, 3, 4]"
7053488,"[0, 3, 1, 0, 3, 3, 0, 1, 0, 3, 0, 3, 3, 8, 0, 5, 1, 0, 1, 3, 0, 3, 0, 3, 0, 0, 1, 0, 3, 4, 0, 4, 1, 5, 3, 3, 3, 0, 1, 0, 3, 0, 0, 0, 3, 0, 3, 0, 4, 1, 0, 5, 3, 0, 3, 0, 0, 3, 3, 3, 1, 10, 0, 3, 0, 3, 0, 3, 10, 3, 0, 0, 0, 0, 1, 5]"
7081414,"[1, 3, 2, 3, 3, 10, 3, 0, 0, 3, 4, 1, 4, 10, 3]"
7120714,"[0, 3, 3, 7, 3, 3, 3, 4, 3, 4, 4, 4, 6, 7, 0, 4, 0, 4, 3, 3, 5, 7, 3, 4, 3, 0, 3, 4, 0, 0, 3, 4]"
7133888,"[3, 0, 3, 0, 3, 10, 3, 3, 3, 0, 3, 0, 4, 3, 3, 1, 4, 3, 4]"
7135516,"[3, 4, 3, 0, 3, 0, 0, 3, 0, 0, 0, 3, 0, 0, 3, 3, 0, 0, 3, 10, 0, 0, 3, 7, 3, 3, 3, 1, 0, 1, 10, 3, 4, 0, 0, 10, 5, 0, 8]"
7222016,"[4, 5, 4, 3, 3, 3, 7, 4, 10, 0, 3, 4]"
7292022,"[3, 4, 4, 3, 0, 3, 0, 3, 3, 4, 3, 0, 1, 0, 3, 3, 5, 3, 0, 0, 0, 0, 3, 3, 7, 0, 6, 0, 0, 4, 4, 4, 4, 3, 0, 0, 7, 0, 4, 3, 1, 0, 3, 3, 3, 3, 3, 3]"
7301880,"[3, 3, 0, 3, 3, 0, 0, 0, 0, 4, 0, 0, 0, 3, 3, 3, 8, 8, 0, 0, 8, 3, 3, 3, 3, 3, 3, 3, 0, 3, 3, 10, 3, 0, 5, 5, 3]"
7362626,"[7, 3, 8, 3, 0, 0, 3, 3, 0, 8, 10, 3, 3, 3, 1, 5, 0, 3, 0, 8, 5]"
7362741,"[3, 0, 0, 0, 10, 3, 0, 1, 1]"
7362782,"[0, 0, 0, 0, 0, 3, 4, 1, 0, 0, 3, 1, 7, 5, 8, 1, 1, 3, 0, 4, 4, 8, 4, 7, 3, 3, 10, 1, 8]"
7444251,"[3, 3, 3, 8, 3, 3, 1, 3, 0, 0, 3, 3, 0, 3, 3]"
7444907,"[0, 3, 0, 3, 3, 7, 3, 0, 3, 5]"
7482617,"[0, 3, 0, 10, 3, 0, 0, 10, 3, 3, 3, 3, 3, 0, 3, 10]"
7534925,"[0, 3, 7, 3, 3, 0, 0, 3, 3, 0, 3, 0, 3, 1, 3, 0, 4, 3, 0]"
7537205,"[3, 7, 7, 6, 6, 4, 7, 0, 0, 0, 4, 10, 0, 0, 0, 3, 3, 3, 0, 4, 0, 3, 10, 1, 4, 0, 1, 3, 3, 10, 3, 0, 0]"
7605182,"[3, 8, 8, 3, 1, 3, 3, 0, 4, 0, 0, 3, 3, 3, 0, 4, 3, 3, 0, 7, 3, 3, 4, 0, 3, 0, 3, 0, 4, 4, 0, 3, 3, 0, 0, 0, 0, 3, 8, 3, 0, 3, 3, 3, 0, 0, 0, 0, 3, 0, 3, 3, 3, 2, 10, 0, 3, 0, 0, 3, 0, 3, 7, 3, 4, 8, 3, 3, 3, 3, 0, 3, 3, 4, 3, 3, 3, 3, 0, 0, 0, 4, 0, 3, 3, 0, 3, 0, 0, 3, 3, 10, 3, 10, 0, 3, 3, 0, 3, 3, 8, 3, 4]"
7626259,"[3, 5, 3, 3, 0, 0, 0, 3, 10, 3, 5, 3, 3, 0, 5, 5, 0, 10]"
7672286,"[3, 3, 4, 0, 3, 7, 0, 3, 8, 7, 3, 3]"
7693284,"[0, 0, 3, 1, 0, 10, 8, 8, 3, 5, 0, 3]"
7715240,"[3, 3, 0, 3, 3, 0, 4, 0, 3, 1, 6, 0, 0, 1, 3, 0, 1, 0, 0, 4, 4, 1, 3, 3, 3, 5, 0, 0, 3, 3, 3, 8, 0, 3, 3, 3]"
7725236,"[3, 3, 8, 0, 0, 3, 3, 0, 0]"
7760868,"[0, 0, 0, 3, 3, 3, 3, 10]"
7766450,"[3, 3, 0, 0, 0, 3, 3, 0, 10, 3, 3, 1, 0, 0, 0, 3, 10, 3, 0, 0, 0, 3, 1, 0, 3, 4, 3, 1, 10, 0, 0, 10, 4, 3, 3, 3, 5, 10, 0, 0]"
7784121,"[3, 3, 3, 3, 0, 0, 3, 3, 3, 3, 4, 3, 0, 0, 4, 3, 4, 3, 3, 3, 3, 3, 10, 3, 5, 3, 3, 3, 10, 3, 3, 3, 3, 3, 0, 0, 8, 3, 0, 0, 3, 0, 0, 3, 3, 3, 3, 4, 0, 0, 3, 0, 3, 3, 3, 0, 4, 3, 1, 0, 3, 0, 3, 0]"
7885996,"[3, 10, 5, 5, 0, 3, 3, 0, 3]"
7927833,"[3, 3, 3, 3, 1, 3, 3, 3, 1, 8, 3, 0, 3, 0, 0, 4, 0, 0, 3, 0, 0, 3, 10, 3, 5, 8, 0, 0, 10, 0, 0, 0, 3, 0, 0, 0, 0, 0, 3, 1, 0, 3, 3, 5]"
7944229,"[0, 0, 3, 3, 3, 3, 7, 3, 3, 3, 3, 3, 0, 0, 0, 3, 0, 0, 0, 0, 3, 0, 0, 3, 3, 3, 3, 0, 0, 0, 0, 3, 3, 3, 0, 0, 3, 5, 7, 3, 0, 0, 3, 3, 3, 3, 1, 3, 1, 0, 0]"
8049233,"[0, 3, 0, 3, 5, 0, 3, 3, 10, 3, 0, 3, 5, 4, 0, 5, 5, 10, 10, 3, 5, 10, 1, 0, 0, 3, 3, 8, 0, 1, 10, 3, 5, 0, 0, 1, 1, 3, 7, 3, 3, 0, 3, 3, 0, 3, 10, 0, 0, 3, 0, 3, 10, 3]"
8057560,"[0, 4, 3, 3, 0, 3, 3, 3, 0, 0, 3, 0, 0, 0, 0, 0, 1, 3, 5]"
8090904,"[3, 7, 0, 3, 1, 1, 10, 1, 3, 3, 3, 0, 3, 0, 3, 1, 0, 10, 1, 3, 3, 3, 3, 3, 3, 3, 3, 4, 0, 0, 7, 10]"
8208221,"[4, 0, 4, 0, 0, 3, 0, 0, 1, 0, 3, 7, 3, 8, 8, 8, 0, 5, 3, 3, 3, 8, 0, 10, 1, 3, 3, 3]"
8264802,"[3, 4, 3, 3, 0, 3, 3, 4, 0, 3, 0, 0, 0, 4, 3, 0, 1, 3, 3, 3, 3, 3, 3, 3, 0, 3, 0, 10, 0, 3]"
8270869,"[3, 0, 3, 3, 3, 7, 0, 3, 3, 3, 8]"
8357964,"[0, 0, 4, 0, 3, 3, 4, 3, 7, 4, 7, 7, 3, 3, 3, 5, 4, 3, 7, 3, 3, 3, 3, 4, 3, 3, 0, 3, 0, 7, 0, 0, 0, 3, 4, 0, 0, 3, 3, 0, 3, 0, 3, 0, 0, 3, 0, 3, 8, 3, 10, 0, 3, 8, 3, 4, 0, 3]"
8368963,"[1, 5, 7, 8, 4, 5, 0, 0, 3, 4, 10, 0, 4, 0, 0, 3, 4, 0, 4, 0, 3, 8, 3, 0, 3, 4, 0, 0, 10, 5, 5, 0]"
8388013,"[0, 0, 0, 0, 3, 4, 4, 0, 0, 0, 4, 3, 0, 4, 3, 0, 0, 3, 0, 0, 3, 0, 7, 0, 3, 3, 0, 0, 3, 3, 0, 3, 3, 0, 0, 3, 0, 0, 0, 3, 3, 4, 3, 3, 3, 0, 0, 4, 4, 0, 0, 0, 5, 3, 0, 4, 3, 0, 0, 3]"
8448026,"[0, 3, 0, 0, 1, 8, 3, 0, 3, 8, 8, 0, 0, 0, 4, 0, 3, 5, 0, 4, 3, 0, 3, 7, 3, 0, 10, 0, 0, 4, 3, 0, 4, 0, 8, 0, 3, 5, 3, 3, 0, 3, 5, 3, 4, 3, 3, 3, 5, 4, 0, 0, 3, 10, 3, 3, 4, 0, 8, 1, 8, 8, 8, 3, 4, 4, 0, 1, 7, 0, 0, 6, 3, 3, 5, 3, 3, 7, 10, 3, 3, 5, 5, 0]"
8454726,"[0, 0, 0, 3, 3, 4, 5, 5, 3, 0, 3, 0, 3, 3, 3, 0, 7, 5, 3, 3, 0, 3, 3, 3, 7, 0, 3, 0, 3, 0, 1, 7, 0, 7, 5, 7, 1, 0, 3, 3, 0, 4, 0, 0, 3, 3, 3, 3, 3, 3, 3, 3, 0, 0, 3, 4, 0, 5, 10]"
8464511,"[0, 4, 3, 3]"
8493002,"[3, 3, 3, 3, 5, 4, 0, 0, 7, 0, 3, 3, 10]"
8572609,"[5, 3, 0, 0, 10, 3, 5, 3, 3, 8, 3, 1, 4, 3, 1, 0, 3, 8, 0, 4, 5, 0, 0, 0, 3, 4, 0, 3, 0, 3, 1, 3, 4, 3, 3, 5, 0, 4, 4, 0, 4, 0]"
8620409,"[0, 3, 4, 8, 4, 3, 3, 10, 0, 3, 3, 3, 3, 3, 0, 3, 0, 3, 7, 1, 3, 0, 3, 0, 3, 3, 3, 0, 3, 3, 0, 4, 0, 0, 0, 3, 3, 8, 0, 3, 8, 0, 3, 3, 3, 7, 3, 3, 0, 8, 8]"
8633676,"[3, 3, 3, 3, 3, 3, 4, 6, 3, 0, 0, 1, 0, 3, 3, 3, 3, 0, 3, 3, 3, 8, 3, 3, 3, 3, 4]"
8644317,"[5, 3, 0, 0, 4, 0, 8, 8, 3, 3, 7, 4, 3, 8, 3, 3, 3, 8, 3, 0, 0, 0, 7, 3, 0, 3, 4, 3, 0, 0]"
8705786,"[3, 0, 0, 4, 0, 3, 3, 3, 3, 0]"
8733905,"[0, 3, 0, 3, 3, 3, 3, 0]"
8753468,"[3, 0, 0]"
8765205,"[3, 3, 0, 0, 3, 3, 10, 3, 3, 3, 10, 0, 0, 0, 3]"
8775743,"[3, 3, 5, 0, 0, 3, 3, 3, 3, 1, 3, 0, 8, 0, 0, 3, 3, 3, 3, 3, 0, 3, 3, 0, 4, 3, 3, 3, 3, 4, 4, 7, 7, 7, 7, 3, 3, 1, 3, 3, 1, 3, 0, 7, 0, 0, 3, 10, 3]"
8777894,"[3, 3, 0, 7, 3, 3]"
8816501,"[3, 0, 3, 0, 0, 0, 3, 0, 3, 0, 4, 0, 0, 3, 3, 3, 4, 0, 3, 1, 3, 4, 0, 0, 0, 0, 3, 0, 3, 0, 3, 4, 3, 3, 7, 3, 3, 0, 1, 4, 3, 0, 0, 7, 3, 4, 3, 0, 3, 3, 0, 0, 0, 3, 3, 3, 3, 0, 0, 3, 10, 0, 3, 0, 4, 3, 0, 5, 3, 3, 0, 3, 1, 1, 0, 5, 10]"
8897938,"[3, 0, 0, 8, 7, 8, 3, 0, 1, 3, 3, 3, 3, 3, 3, 3, 10, 3, 0, 5, 10, 3]"
8931289,"[8, 1, 0, 10, 5, 0, 5, 3, 3, 3]"
8945459,"[5, 0, 3, 3, 3, 0, 0, 0, 0, 0, 3, 3, 0, 10, 3, 5]"
8948959,"[0, 3, 3, 0, 6, 3, 3, 3, 7]"
8987889,"[0, 3, 0, 3, 0, 0, 0, 3, 3, 10, 3, 3, 3, 3, 10, 0, 0, 0, 8, 3, 0, 1, 0, 3, 3, 7, 4, 8, 0, 3, 1, 0, 4, 0, 3, 8, 3, 3, 10, 0, 1, 3, 0, 0, 3, 3]"
9054868,"[3, 3, 0, 3, 8]"
9078818,"[4, 3, 0, 0, 0, 3, 0, 3, 3, 4, 7, 3, 10, 4, 4, 10, 3, 5, 3, 0, 0, 5, 3, 10, 0, 3, 0, 0, 0, 7, 7, 3, 0, 0, 4, 3, 3, 3, 5, 3, 3, 3, 1, 3, 0, 3, 3, 3, 0, 3, 3, 3, 3, 3, 3, 3, 3, 0, 7, 3, 0, 5, 7, 3]"
9105282,"[3, 10, 3, 3, 3, 0, 3, 4, 3, 3, 3, 0, 3, 1, 3, 3, 0, 0, 3, 4, 10, 4, 10]"
9144986,"[3, 0, 4, 0, 8, 3, 0, 8, 0, 0, 3, 3, 0, 3, 0, 3, 3, 3, 5, 1, 4, 4, 3, 0, 0, 0, 0, 3, 0, 3, 10, 0, 3, 3, 1]"
9170457,"[0, 0, 0, 0, 0, 4, 3, 3, 4, 0, 7, 4, 4, 3, 8, 0, 3]"
9222167,"[5, 4, 0, 0, 8, 7]"
9235373,"[3, 0, 0, 3, 3, 3, 3, 8, 3, 3, 3, 1, 3, 3, 0, 1, 3, 1, 3, 0, 0, 3, 0]"
9236773,"[3, 0, 4, 1, 3]"
9280225,"[7, 7, 3, 0, 7, 0]"
9340076,"[1, 3, 3, 3, 1, 3, 3, 0, 3, 3, 3, 4, 0, 3, 3, 3, 3, 3, 4, 3, 3, 0, 5]"
9382823,"[3, 0, 0, 0, 3, 3, 3, 3, 3, 0, 3, 3, 3, 3, 3, 3, 3, 3, 3, 3, 3, 3, 3, 3, 1, 3, 0, 3, 3, 0, 1, 4, 3, 1, 3, 3, 3, 4, 3, 1]"
9417340,"[0, 0, 1, 5, 0, 10, 3]"
9459932,"[0, 7, 3, 3, 3, 3, 3, 3, 0, 3, 0, 6, 0, 3, 3, 0, 7, 3]"
9461535,"[3, 3, 3, 0, 7, 0, 10, 3, 0, 4, 0, 0, 3, 0, 0, 0, 3, 3, 8, 5, 3, 0, 3, 3, 4, 4, 3, 0, 3, 0, 3, 3, 3, 3, 3, 1, 3, 0, 4, 3, 3, 1, 0, 3, 0, 10]"
9478308,"[3, 7, 7, 3, 3, 3, 3, 3]"
9535585,"[4, 3, 2, 3, 8, 0, 3, 4, 3, 3, 3, 3, 5, 4, 0, 3, 3, 3, 3, 4, 3, 3, 0, 3, 3, 0, 3, 3, 3, 10, 5, 1, 10, 3, 10, 10, 4, 3, 3]"
9543722,"[0, 7, 0, 5, 0, 0, 4, 5, 3, 0, 5, 3, 3, 0, 0, 0, 3]"
9718353,"[7, 10, 1, 3, 4, 3, 1, 10]"
9723255,"[0, 1, 3, 7]"
9793561,"[3, 3, 4, 3]"
9808649,"[3, 4, 0, 10, 3, 0, 3, 4, 3, 0, 3, 4, 3, 3, 3, 3, 0, 3, 0, 3, 0, 8, 0, 0, 4, 3, 0, 4, 0, 0, 0, 0, 3, 0, 3, 4, 0, 8, 0, 3, 0, 3, 0, 7, 3, 3, 1, 0, 0, 10, 3, 3, 3, 3, 3, 3, 1, 3, 0, 3, 3, 3, 8, 8, 3, 8, 0, 0, 3, 3, 8, 0, 3, 3, 3, 10, 3, 0, 3, 3, 3, 3, 3, 1, 10, 3, 3, 4, 3, 7, 8]"
9813617,"[3, 3, 3, 3, 3, 3, 3, 4, 0, 3, 0, 0, 8, 0, 10, 5]"
9907431,"[3, 0, 0, 8, 6, 3, 3, 0, 3, 0, 8, 1, 10, 5, 8, 0, 0, 3, 3, 3, 0, 3, 0, 4, 5, 3, 3, 3, 0, 3, 3, 3, 3, 3, 3, 4, 4, 3, 0, 3, 4, 0, 3, 3, 3, 3, 3, 0, 3, 3, 4, 3, 10, 0, 0, 0, 0, 0, 10, 0, 0, 0, 3, 3, 4, 3, 0, 0, 3, 0, 0, 8, 4, 3, 3, 4, 4, 4, 3, 5, 3, 3, 3, 3, 3, 3, 10, 4, 3, 4, 0, 0, 0, 3, 0, 3, 3, 3, 0, 4, 3, 1, 3, 6, 3, 3, 1, 1, 0, 3, 0, 5, 5, 3]"
10017886,"[3, 7, 10, 0, 0, 0, 4, 3, 3, 0, 10, 4, 0, 4, 5, 0, 8, 0, 0, 0, 3, 3, 0, 7, 7, 8, 3, 3, 0, 0, 3, 0, 1, 0, 7, 0, 4, 0, 8, 0, 0, 3, 3, 5, 0, 3, 10, 3, 3, 3, 10, 5, 0, 3, 3, 3, 0, 3, 3, 0, 0, 1, 3, 8, 7, 3, 3, 0, 3, 0, 0, 10, 3, 10, 0, 0, 2, 10, 5, 0]"
10087485,"[0, 0, 4, 3, 3, 0, 4, 0, 0, 0, 3, 0, 1, 4, 1, 7, 3, 0, 0, 0, 4, 0, 8, 3, 3, 10, 7, 3]"
10090909,"[3, 7, 10, 7, 0, 7, 3, 0, 3, 0, 3, 3, 1, 4, 3, 0, 3, 7, 7, 3, 0, 3, 0, 3, 3, 3, 3, 0, 3, 3, 7, 3, 0]"
10158733,"[3, 10, 0, 0, 0, 0, 4, 0, 0, 8, 10, 4, 8, 7, 3, 3, 0, 0, 3, 3, 0, 4, 0, 5, 4, 0, 4, 3, 3, 0, 4, 3, 0, 0, 0, 0, 5, 3, 3, 3, 3, 3, 3, 4, 0, 3, 0, 10, 0, 5, 10, 5]"
10192270,"[0, 5, 0, 0, 1, 8, 0, 3, 3, 4, 8]"
10214302,"[0, 8, 3, 4, 1, 4, 0, 0, 0]"
10292216,"[10, 1]"
10440670,"[4, 3, 3]"
10458631,"[3, 3, 7, 3, 8, 8, 0, 1, 0, 5, 3, 7, 3, 10, 0, 4, 3, 0, 8, 3, 5, 0]"
10491313,"[0, 0, 3, 10, 3, 7, 3, 0, 0]"
10499315,"[0, 3, 3, 8, 0, 0, 10, 0, 0, 4, 4, 10, 3, 1, 7, 0, 3, 3, 3, 3, 10, 8, 3, 0, 0, 0, 8, 0, 0]"
10520690,"[3, 0, 0, 0, 0, 3, 3, 8, 0, 3]"
10536985,"[0, 0, 3, 3, 0, 0, 0, 5, 0]"
10541514,"[3, 3, 0, 3, 0, 3, 3, 3, 0, 3, 3, 3, 4, 3, 10, 0, 5, 8, 8]"
10612874,"[3, 3, 3, 0, 0, 4, 3, 5, 7, 3, 3, 4, 0, 10, 3, 3, 3, 3, 3, 3, 1, 4, 0, 0, 3, 1, 3, 3, 3, 7, 3, 0, 0, 0, 1, 1, 1, 10, 10, 7, 1, 10]"
10691130,[3]
10783682,"[0, 3, 3, 3, 3]"
10806577,"[3, 7, 5, 1, 3]"
11089978,"[3, 3, 0, 3, 2, 0, 10, 0, 0, 0, 3, 10, 0, 0, 0, 0, 1, 0, 1, 5, 3, 3, 0, 7, 3, 10, 0, 3, 3, 0, 3, 0, 3, 0, 1, 3, 3, 0, 0, 3, 3, 3, 10, 7, 4, 3, 3, 4, 3, 3]"
11251963,"[0, 6, 4, 3, 10]"
11470344,"[3, 10, 3, 3, 7, 1, 3, 0, 7, 3, 1, 10, 3, 0]"
11501271,"[0, 0, 3, 0, 4, 0, 10, 10, 1, 1, 1, 1, 0, 3, 3, 3, 3, 0, 3, 3, 3, 3, 0, 3, 0, 0, 1, 0]"
11522190,"[0, 3, 0, 0, 3, 0]"
11558403,"[5, 0, 2, 5, 0, 3, 5, 5, 1]"
11575861,"[0, 0, 0, 0, 5]"
11637110,"[0, 8, 6, 0, 0, 1, 5, 4, 3, 3, 3, 4, 7, 3, 8, 0, 3, 3, 3, 3, 3, 0, 3, 7, 0, 3, 0, 3, 3, 7, 3, 3, 3, 3, 7, 3, 3, 4, 3, 3, 3, 3, 3, 0, 3, 7, 7, 10, 7, 3, 7, 0, 3, 3, 0, 0, 0, 3, 1, 8, 10, 0, 4, 0, 3]"
11668064,"[4, 3, 3, 5, 5, 3, 3, 3, 0, 8, 3, 0, 3, 0, 8, 3, 8, 0, 0, 0, 0, 10, 8, 3, 0, 3, 7, 3, 3, 3, 4, 3]"
11693369,"[4, 0, 3, 3, 0, 10, 4, 3, 1, 3, 3, 3, 5, 3]"
11697273,"[3, 3, 0, 3, 8, 3, 0, 3, 3, 3, 3, 0, 3, 10, 3, 3, 7, 3, 0, 7, 3, 3, 3, 3, 1, 0, 7, 3, 7, 0, 3, 3, 4, 0, 7, 4, 3, 0, 3, 1, 4, 3, 3, 7, 3, 3, 4, 0]"
11840982,"[3, 0, 4, 3, 0, 0, 0, 10, 3, 0, 0, 3]"
11876523,"[0, 3, 4, 3, 3, 5, 3, 3, 4, 0, 5, 8, 3, 4, 5, 4, 0, 4, 7, 4]"
11886787,"[1, 1, 0, 1, 0, 10, 3, 0, 0, 0, 3, 4, 3, 3, 5, 0, 4, 7, 5, 3, 0, 3, 3, 3, 10, 3, 8, 10, 3, 4, 1, 3, 1, 4, 3, 4, 1]"
11956039,"[0, 0, 1, 8, 3, 3, 0, 0, 7, 0, 4, 0, 0, 8, 3, 0, 8, 0, 5, 3, 5, 0, 0, 7, 1, 0, 3, 3, 0, 0, 3, 3, 0, 3, 0, 0, 4, 0, 0, 4, 3, 3, 3, 3, 3, 0]"
11956773,"[0, 0, 3, 0, 0, 3, 0, 8, 0, 3, 0, 0, 5, 3, 5, 3, 3, 3, 3, 10, 3, 10, 8, 0, 3]"
12039019,"[3, 0, 3, 10, 3, 2, 5, 3, 3, 7, 3, 0, 3, 0, 0, 3, 3, 0, 3, 8, 4, 5, 0]"
12094338,"[0, 3, 3, 3, 0, 3]"
12095072,"[1, 1, 3, 3, 3, 0, 0]"
12099955,"[3, 0, 0, 3, 0, 0, 0, 0]"
12117643,"[3, 5, 0, 4, 8, 3, 0, 3, 3, 3, 7, 3, 4, 7, 3, 3, 1, 0, 0, 7, 0, 3, 3, 3, 0, 0, 0, 3, 7, 3, 3, 3, 0, 0, 3, 3, 8, 3, 3, 0, 0, 0, 0, 3, 0, 3, 8, 10, 3, 3, 0, 0, 10, 3, 4, 4, 7, 3, 3, 3, 0, 10, 7, 4, 7, 3, 10, 1, 0, 4, 3, 7, 3, 3, 4, 7, 7, 0, 3, 3, 3, 3, 3, 0, 3, 0]"
12165949,"[0, 0, 5, 3, 0, 3, 3]"
12181074,"[0, 3, 3, 4, 7, 0, 0, 3, 3, 3, 0, 3, 0, 10, 3]"
12260258,"[4, 0, 8, 8, 8, 0, 8, 3, 0, 3, 1, 0, 3, 10, 3, 0, 2, 6, 4, 8, 0, 8, 0, 0, 0, 0, 3, 3, 3, 0, 3, 2, 0, 8, 3, 0, 0, 0, 8, 8, 8, 0, 10, 3, 3, 8, 4, 0, 0, 3, 3, 0, 10, 0, 8, 4]"
12267883,"[3, 1, 0, 4, 3, 10, 0, 10, 10, 10, 3, 3, 3, 3, 0, 3, 4, 3, 5, 3, 3, 0, 4, 0, 10, 3, 3, 3, 0]"
12394296,"[0, 3, 8, 3, 3, 3, 0, 1, 3, 1, 1]"
12459069,"[0, 3, 0, 0, 0, 0]"
12485800,"[3, 8, 3, 0, 0, 0, 0, 0, 8, 0, 0, 3, 3, 0, 0, 0, 0, 0, 4, 3, 0, 3, 3, 3, 0, 0, 0, 1, 0, 3, 4, 0, 3, 0, 0, 8, 5, 3, 0, 0, 0, 0, 0, 8, 0, 0, 3, 3, 6, 8, 8, 8, 8]"
12525687,"[3, 3, 3, 7, 7, 3, 3, 3, 3, 7, 3, 8, 3, 10, 0, 0, 0, 3, 8, 1, 4, 7, 3, 4, 0, 0, 0, 3, 0, 3, 0, 10, 4, 3, 3, 4, 0, 0, 3, 3, 7, 3, 3, 3, 3, 3, 3, 0, 3, 3, 0, 0, 3, 4, 3, 2, 5, 1, 3, 3, 0, 1, 0, 4, 10]"
12541481,"[3, 10, 5, 0]"
12560767,"[0, 10, 8, 3, 0, 3, 0, 0, 0, 0, 0, 0, 1, 4, 3, 8, 4, 3, 0, 3, 0, 3, 4, 3, 0, 3, 3, 0, 0, 0, 0, 5, 1, 1, 0, 0, 8, 3, 7, 3, 0, 0, 0, 4, 0, 4, 0, 0, 8, 3, 0, 4, 7, 10, 0, 3, 1, 1, 0, 0, 0, 3, 3, 3, 8, 0, 3, 10]"
12615952,"[3, 0, 0, 5]"
12639467,"[0, 0, 0, 3, 3, 0, 3, 5, 3, 3, 0, 4, 3, 3, 0, 3, 3, 0, 3, 1]"
12649366,"[0, 3]"
12733257,"[3, 0, 0]"
12746058,"[3, 3, 0, 0, 0, 0, 3, 0, 3, 0, 3, 0, 0, 0, 0, 10, 3, 0, 0, 3, 0, 4, 3]"
12757469,"[4, 0, 5]"
13141411,"[3, 3, 0, 3, 0, 10, 0, 7, 4, 3, 3, 5, 0, 0, 0, 1, 3, 4]"
13141602,"[0, 3, 0, 3, 3, 3]"
13161775,"[0, 0, 5, 0, 3]"
13204790,"[0, 0, 3, 10, 0, 0, 0, 1, 3]"
13225630,"[3, 3, 0, 3, 10, 10, 4, 0, 4, 8, 2, 0, 0, 3, 3, 4, 3, 3, 0, 0, 8, 8, 0, 3]"
13348042,"[0, 4, 0, 4]"
13359313,"[3, 0, 0, 1, 3]"
13506326,"[0, 0, 4, 3, 10, 1]"
13547387,"[0, 0, 3, 1, 0, 0]"
13902854,"[4, 1, 0, 1, 0, 4, 0, 3, 0, 8, 3, 0, 0, 0, 0, 0, 3, 0, 3, 0, 3, 4, 3, 0, 4, 3, 0, 7, 0, 5, 3, 3, 3, 7, 3, 3, 3, 3, 0, 7, 0, 3, 3, 7, 0, 3, 3, 1, 3, 0, 0, 0, 0, 7, 3, 0, 0, 3, 1, 4, 3, 3, 0, 4, 0, 3, 10, 3, 0, 0, 10, 3, 1, 4, 3, 3, 1, 1]"
13939322,"[4, 1, 5, 0, 0, 3, 3, 3, 0, 0, 7, 4, 0, 7, 3, 3, 3, 3, 3, 1, 3, 0, 3, 0, 3, 3, 3, 0, 7, 3, 3, 0, 0, 3, 3, 0, 0, 3, 3, 3, 0, 7, 0, 0, 3, 0, 1, 4, 7, 1, 7, 4, 8, 0, 3, 1, 4, 10, 3, 3, 5, 5, 10, 3, 3, 3, 3, 5, 3, 3, 0, 3, 3, 3, 3]"
13956883,"[0, 0, 0, 4, 8, 0, 4, 8, 0, 0, 4, 3, 1, 3, 0, 3, 0, 0, 10, 4, 8, 3, 0, 3, 0, 0, 3, 3, 3, 5, 0, 8, 3, 3, 3, 1, 8, 8, 0, 1]"
13995078,"[3, 0, 10, 5, 5, 1, 0, 0, 8, 8, 5]"
14055139,"[1, 3, 3, 4, 8, 10, 3, 3, 10, 7, 3, 3, 10, 3, 5, 3, 3, 3, 3, 3, 3, 3, 0, 3, 4, 3, 1, 4, 0, 0, 3, 8]"
14106445,"[0, 3, 1, 3, 0, 3, 4, 0, 1, 0]"
14120714,"[3, 0, 3, 5, 0, 10, 3, 3, 0, 4, 3, 3, 0, 3, 4, 0, 0, 3, 1, 3, 3, 3, 0, 3, 3, 3, 7, 3, 10]"
14147899,"[3, 1, 0, 4, 0, 0, 3, 3, 3, 10, 1, 0, 0, 10, 3, 0, 0, 4, 0, 1, 0, 8, 3, 0, 1, 0, 0, 10, 3, 0, 0, 8, 1, 4, 4, 0, 1, 3, 0, 0, 3, 0, 0, 0, 3, 0, 3, 0, 0, 4, 4, 1, 0, 3, 1, 0, 4, 1, 0, 0, 0, 3, 3, 4, 10, 3, 10]"
14157327,"[3, 3, 3, 3, 3, 3, 0, 3, 3, 3, 5, 0, 0, 5, 3, 7, 0, 8, 5, 0, 4, 1, 10, 0, 0, 4, 3, 10, 5]"
14199991,"[4, 3, 3, 3, 3, 0, 3, 0, 0, 4, 3, 0, 0, 4, 3, 0, 4, 3, 1, 0, 0, 3, 0, 0, 0, 4, 3, 0, 4, 0, 4, 0, 0, 4, 3, 3, 10, 4, 0, 0, 3, 3, 0, 0, 3, 3, 0, 3, 0, 3, 3, 0, 4]"
14230829,"[1, 3, 0, 0, 0, 3, 10, 3, 3]"
14255798,"[5, 0, 0, 0, 0, 0, 3, 3, 7, 3, 0, 3, 3, 3, 5, 3, 3, 3, 7, 8, 0, 0, 0, 3, 0, 0, 0, 0, 3, 3, 3, 0, 3, 1, 0, 3, 3, 3, 3, 3, 3, 7, 0, 0, 3, 0, 0, 0, 3, 5, 3, 5, 3, 0, 10, 5]"
14281617,"[0, 0, 5, 3, 5, 5, 5, 3, 5]"
14344144,"[1, 3, 3, 3, 3, 3, 3, 0, 3, 0, 0, 0, 3, 10, 0, 0, 0, 7, 3, 3, 3, 0, 1, 5, 1, 1, 3, 7, 0, 3, 10, 0, 3, 0, 3, 3, 3, 0, 1, 0, 3, 3, 7, 3, 3, 3, 0, 3, 5, 1, 0]"
14348806,"[0, 4, 0, 0, 5, 4, 8, 3, 3, 3, 1, 0, 3, 0, 0, 3, 3]"
14369179,"[0, 0, 3, 0, 0, 0, 0, 0, 3, 0, 8, 0, 3, 0, 0, 3, 0, 1, 0, 3, 3, 0, 0, 3, 3, 3, 3, 0, 0, 1, 0, 3, 3, 0, 8, 0, 7, 0, 10, 10, 0, 1, 10, 4, 3, 7, 0, 0, 0, 0, 0, 0, 0, 4, 0, 0, 0, 10, 3, 10, 8, 1]"
14387171,"[3, 1, 0, 3, 0, 3, 3, 7, 0, 5, 3, 3, 8, 3, 0, 3, 3, 3, 0, 0, 3, 3, 3, 1, 3, 3, 5, 5, 3, 0]"
14415654,"[3, 0, 3, 3, 3, 7, 3, 0, 0, 0, 1]"
14570681,"[1, 3, 0, 0, 0, 3, 0, 0, 3, 4, 0, 3, 0, 7, 4, 0, 3, 0, 0, 3, 0, 0, 8, 0, 3, 0, 3, 3, 3, 0, 0, 4, 3, 3, 0, 4, 4, 8, 6, 3, 3, 3, 0, 3, 3, 0, 0, 3, 3, 4, 0, 0, 0, 7, 4, 0, 3, 0]"
14576560,"[3, 3, 1, 0, 8, 4, 10, 0, 5, 3, 10, 10, 10]"
14613957,"[7, 1, 3, 3]"
14722502,"[1, 3, 1, 1, 0, 1, 3, 3, 10, 0, 3, 3, 3, 0, 0, 3, 4, 3, 0, 0, 1, 3, 3, 0, 3, 3, 1, 0, 3, 0, 3, 3, 3, 3, 3, 7, 3, 0, 0, 0, 3, 10, 3, 3, 3, 0, 7, 3, 0, 0, 3, 3, 3, 3, 3, 3, 3, 3, 8, 3, 7, 3, 4, 6, 1, 1, 5, 10]"
14795399,"[1, 0, 4, 2, 3, 0, 10, 0, 0, 3, 1, 5, 3, 3, 10, 0]"
14811847,"[1, 1, 0, 0, 10, 5, 10, 0, 0, 1, 3, 1, 3]"
14812319,"[0, 0, 7, 3, 0, 0, 7, 1, 4, 3, 0, 5, 3, 0, 0, 0]"
14828868,"[3, 3, 1, 8, 0, 0, 3, 0, 3, 0, 6, 8, 0, 0, 3, 0, 4, 4, 4, 4, 0, 8, 8, 0, 5, 0, 3, 3, 4, 1, 0, 4, 5, 5, 8, 0, 0, 0, 3, 0, 0]"
14950102,"[3, 0, 3, 1, 8, 3, 0, 4, 3, 0, 0, 3, 0, 0, 0, 0, 3, 3, 7, 7, 3, 0, 3, 0, 3, 3, 3, 4, 0, 3, 3, 10, 3, 3, 3, 3, 4, 3, 3, 3]"
14964780,"[3, 5, 0, 0]"
15106016,"[3, 3, 4, 3, 0, 3, 3, 3, 3, 1, 3, 3, 3]"
15141609,"[5, 4]"
15210434,"[4, 3, 0, 0, 0, 0, 3, 0, 0, 0, 0, 0, 0, 1, 3, 10]"
15211401,"[3, 3, 3, 0, 0, 0, 0, 1, 0, 4, 0, 10, 0, 10]"
15242361,"[3, 3, 3, 0]"
15306630,"[0, 10, 0, 1, 3, 0, 3]"
15708657,"[0, 0, 3, 3, 3, 0, 1, 3, 3, 3, 7, 0, 3, 3]"
15815398,"[0, 0, 0, 0, 8, 3, 3, 3, 10, 0, 0, 1, 0, 8, 4, 3]"
15861151,"[3, 0, 0, 0, 0, 3, 0, 0, 5, 3, 1, 0]"
15907225,"[3, 3, 3, 3, 3, 3, 3, 5, 0, 0, 10, 3, 3, 3, 0, 4, 3, 3, 5, 3, 0, 1, 1, 3, 0, 0, 3, 0, 0]"
16007317,"[0, 3, 8, 8, 8, 0, 6, 0, 10, 3, 10, 0, 0, 3, 0, 1]"
16099082,"[0, 3, 0, 0, 3, 0, 0, 0, 0, 0, 0, 0, 0, 0, 0, 3, 0, 0, 4, 3, 0, 0, 0, 0, 3, 3, 3, 10, 3, 0, 3, 7, 3, 3, 3, 7, 3, 10, 1, 3, 0, 3, 4, 3, 1, 8, 3]"
16174644,"[3, 3, 0, 8, 0, 0, 0, 0, 0, 0, 8, 0, 5, 3, 5, 0, 4, 3, 3, 10, 3, 3, 3, 8, 0, 3, 1, 5, 10, 1, 5]"
16183064,"[0, 0, 8, 3, 0, 10, 4, 3, 3, 8, 1, 3, 0, 4, 2, 3, 0, 3, 3, 10, 4, 0, 0, 0, 0]"
16258792,"[0, 0, 0, 3, 3, 10, 3, 3]"
16260144,"[3, 3, 0, 3, 0, 5, 8, 3, 0, 3, 0, 3, 3, 3, 10, 8, 5, 10]"
16298384,"[3, 3, 3, 0, 3, 3, 3, 0, 3, 0, 3, 3, 3, 3, 3, 3, 3]"
16357786,"[0, 3, 0, 0, 3, 1, 8, 3]"
16395026,"[8, 0, 3, 0, 3, 4, 3, 3, 8, 7, 3]"
16451841,"[0, 3, 0, 1, 3, 3, 3, 3, 0, 3, 0, 3, 0, 10, 4, 3, 0, 8, 3, 0, 8, 7, 0, 4, 0, 8, 0, 3, 0, 3, 0, 0, 0, 0, 0, 3, 3, 8, 0, 8, 7, 8, 10, 0, 7, 3, 1, 8, 5, 3, 3, 3, 5, 1, 3, 3, 3, 3, 3, 3, 0, 8, 8, 5, 0, 3, 3, 8]"
16543602,"[0, 8, 3, 3, 0, 10, 5, 0, 3, 3, 3, 3, 3, 3, 10, 3, 3, 3, 1, 10, 3, 3, 3, 0, 3, 8, 0, 0, 3, 0]"
16595579,"[3, 0, 3, 0, 3, 3, 0, 5, 0, 5, 5, 3]"
16647548,"[3, 3, 3, 0, 0, 10, 3]"
16660805,"[3, 3, 3, 3, 10, 0, 3, 3, 4, 3, 3, 4, 0, 3, 0, 3, 0, 0, 3, 0, 0, 0, 3, 7, 3, 0, 3, 4, 3, 3, 3, 10, 7, 3, 3, 3, 3, 3, 3, 3, 3, 3, 3, 7, 3, 3, 3, 3, 0, 3, 3, 8, 5]"
16703978,"[3, 3, 4, 3, 5, 1]"
16732594,"[3, 0, 1, 0, 6, 0, 3]"
16749397,"[3, 3, 0, 0, 3, 0, 3, 4, 3, 3, 0, 3]"
16922889,"[0, 0, 3, 3, 0]"
16973860,"[3, 3, 7, 8, 0, 3, 3, 1, 0, 3, 3, 3, 3, 3, 5, 0]"
17006384,"[3, 0, 3]"
17136700,"[0, 8, 3, 0, 8, 0, 0, 3, 3, 0, 3, 4, 10, 10, 4, 1, 4, 3, 3, 0, 3, 0, 10, 3, 0, 3, 3, 3, 3, 3, 3, 3, 3, 1, 3, 3, 3, 3, 3, 3, 3, 3, 3, 3, 3, 3, 7, 0, 0, 3, 3, 3, 0, 3, 1, 4]"
17188776,"[4, 3, 0, 0, 0, 0, 0, 3, 3, 7, 4, 6, 8, 5, 3, 1]"
17284460,"[5, 3]"
17289439,"[0, 0, 3, 0, 0, 10, 1, 0, 0, 0, 0, 5, 2, 3, 3, 3, 3, 3, 8, 0, 3, 4, 4, 3, 10, 3, 0, 3, 10, 3, 1]"
17294536,"[0, 0, 3, 1, 10, 3, 8, 0, 0, 0, 4, 0, 0, 8, 0, 0, 3, 0, 3, 1, 8, 0, 0, 1, 3, 6, 0, 0, 0, 3, 0, 3, 0, 6, 3, 3, 10]"
17324736,"[3, 3, 0, 3, 5, 0, 3, 0, 0, 3, 3, 0, 0, 3, 3, 4, 7, 0, 3, 5, 0, 0, 0, 3, 1, 0, 3, 0, 0, 8, 7, 0, 0, 4, 0, 0, 3, 10, 0, 3, 3, 0, 0, 0, 10]"
17378447,"[0, 3, 0, 0, 0, 0, 0, 5, 3, 3, 0, 3, 5, 0, 4, 3, 3, 8, 3, 0, 8, 6, 3, 0, 0, 5, 0, 0, 0, 3, 3, 4, 0, 0, 8, 0, 0, 3, 3, 4, 0, 0, 3, 0, 0, 3, 3, 3, 0, 3, 4, 4, 3, 3, 3, 0, 3, 4, 3, 10, 0, 4, 0, 0, 1, 0, 5, 8, 3, 3, 3, 3, 3, 3, 4, 1, 1, 3, 3, 0]"
17441941,"[3, 0, 3, 0, 0, 3, 0, 0, 0, 5, 0, 3, 0, 0, 0, 0, 0, 0, 3, 3, 4, 3, 3, 0, 3, 3, 0, 8, 0, 0, 3, 10, 8, 0, 0]"
17470255,"[0, 3, 0, 0, 3, 3, 0, 0, 3, 3, 10, 0, 8, 3, 3, 10, 3, 3, 3, 3, 4, 10]"
17595071,"[3, 7, 4, 0, 4, 0, 10, 4, 10]"
17613909,"[10, 7, 0, 3, 3, 3, 7, 0, 0, 3, 0, 0, 3, 0, 1, 10, 0, 0, 3, 3, 10, 0, 3, 0, 4, 0, 0, 0, 0, 0, 0, 0, 4, 3, 7, 0, 3, 0, 4, 0, 0, 7, 10, 0, 0, 3, 0]"
17672486,"[0, 4, 3, 3, 7, 0, 3, 3, 3, 3, 3, 3, 8, 3, 3, 3, 0]"
17758086,"[3, 0, 4, 3, 0, 0, 3, 0, 0, 0, 3, 3, 3, 4, 4, 3, 3, 0, 3, 3, 0, 0, 4, 3, 10, 0, 3, 0, 3, 7, 0, 8, 8, 4, 5, 3, 3, 5, 0, 0, 7, 4, 3, 0, 3, 0, 3, 0, 3, 0, 4, 1, 3, 1, 0, 4, 3, 10, 8, 0, 3, 3, 4]"
17923997,"[0, 4, 3, 0, 4, 3, 0, 4, 3, 4, 4, 3, 3]"
18050522,"[0, 8, 3, 3]"
18070237,"[8, 3, 3, 0, 3, 0, 5, 3, 0, 3, 5, 3, 0, 3, 8, 0, 8, 3, 3, 10, 3, 0, 5, 0, 4, 3, 0, 3, 5, 3, 10]"
18097901,"[1, 5, 5, 0, 4, 0, 3, 4, 0, 0, 5, 7, 0, 10, 3, 3, 8, 0, 8, 3, 3, 0, 8, 5]"
18152165,"[3, 0, 1, 3, 6, 3, 0, 3, 3, 6, 0, 3, 0, 3, 4, 0, 0, 3, 4, 4]"
18153153,"[0, 0, 3, 0, 7, 0, 8, 0, 8, 8, 8, 7, 0, 8, 3]"
18195326,"[1, 8, 3]"
18410798,"[3, 0, 0, 0, 8, 0, 3, 3, 8, 0, 7, 3, 0, 3, 3, 10, 3, 4, 4, 0, 0, 7, 3, 4, 0, 4, 0, 3, 0, 0, 0, 0, 3, 3, 3, 4, 7, 3, 3, 7, 3, 4, 4, 4, 0, 10, 4, 0, 4, 4, 3, 4, 3, 4, 3, 0, 3, 3, 3, 0, 4, 3, 0, 10, 3, 0, 0, 4, 3, 3, 3, 3, 0, 3, 6, 6, 4, 3, 3, 1, 3, 3, 3, 0, 3, 4, 8, 0, 3, 3, 3, 3, 3, 3, 4, 0, 0, 3, 8, 0, 3, 0, 3, 0, 0, 4, 0, 0, 5, 7, 3, 0, 0, 0, 3, 3, 0, 0, 4, 4, 3, 3, 0, 0, 3, 0, 0, 0, 3, 1, 0, 3, 4, 3, 3, 0, 3, 4, 3, 3, 4, 6, 3, 4, 4, 8, 0, 3, 0, 3, 10, 0, 3, 1, 0, 3, 3, 3, 4, 3, 0, 7, 4, 3, 3, 0, 8, 3, 3, 1, 8, 3, 0, 1, 10, 1, 0]"
18449476,"[0, 5, 0, 3, 3, 8, 8, 0, 0, 8, 3, 3, 4, 3, 3, 3, 5, 4, 3, 3, 5, 3, 0, 1, 3, 0, 5, 5, 3, 1]"
18486103,"[5, 5, 0, 3, 3, 7, 3, 10]"
18538183,"[5, 5, 8, 1]"
18545216,"[0, 3, 0, 4, 0, 3, 0, 7, 7, 0, 3, 3, 4, 4, 4, 10, 0, 8, 3, 8, 4, 3, 3, 3, 0, 7, 3, 0, 10, 0, 4, 0, 4, 4, 8, 10, 8, 10, 3, 0, 0, 8, 10, 7, 3, 7, 4, 7, 3, 3, 3, 4, 4, 3]"
18576398,[1]
18584922,"[3, 4, 3, 4, 3, 3, 0, 0, 0, 3, 3, 0, 3, 0, 0, 1, 4, 0, 0, 0, 4, 4, 5, 8, 0, 0, 5, 3, 5, 3, 0, 0, 0, 0, 4, 3, 0, 0, 10, 0, 7, 3, 3, 0, 5, 0, 8, 3, 7, 0, 3, 3, 10, 3]"
18593635,"[0, 4, 0, 4, 0, 0]"
18596409,"[0, 0, 0, 10, 1, 0, 3, 0, 1, 0, 3, 0, 0, 0, 0, 3, 0, 0, 3, 3, 3]"
18599377,"[0, 3, 4, 1, 3, 1, 0, 0, 0, 3, 0, 3, 0, 0, 3, 3, 1, 0]"
18716845,"[2, 4, 0, 0, 0, 0, 10, 0, 3, 1, 4]"
18746760,"[0, 0]"
18915082,"[10, 0, 3, 0, 1, 0, 3, 0]"
18965892,"[3, 3, 0, 3, 3, 3, 1, 3, 3, 3, 3, 3, 3, 0, 0, 0, 0, 3, 5, 10, 5, 3, 3, 3, 0, 3, 0, 5, 3, 4, 0, 3, 3, 4, 8, 3, 0, 3, 4, 3, 5, 0, 0, 3, 1, 0, 0, 3, 0, 3, 1, 7, 0, 8, 10, 3, 3, 3, 7, 3, 3, 4, 3, 10, 4, 3, 3, 10, 4]"
18986931,"[3, 4, 7, 3, 0, 0, 10, 7, 3, 7, 3, 3, 3, 1, 0, 3, 1, 3]"
19074682,"[0, 5, 3, 8, 10]"
19105706,"[0, 1, 0, 10, 3, 0, 3, 3, 5, 0, 3, 4, 3, 0, 3, 5, 7, 0, 0]"
19238278,"[3, 0, 3, 3, 10, 0, 1, 7, 3, 7, 0, 0, 3, 3, 3, 7, 0, 3, 0, 0, 0, 3, 0, 3, 3, 4, 3, 3, 7, 0, 7, 0, 0, 3, 0, 3, 3, 3, 10, 3, 3, 2, 4, 1, 1, 3, 3, 3, 7, 1, 8, 3, 3, 0, 3, 3, 0, 3, 3, 3, 3, 3, 1, 0, 3]"
19240936,"[0, 1, 0, 0, 0, 0, 7, 3, 3, 0, 0, 3, 3, 0, 0, 7, 3, 4, 0, 0, 0, 0, 0, 0, 0, 1, 3, 0, 0, 0, 0, 0, 4, 7, 3, 7, 3, 3, 3, 4, 0, 3, 3, 3, 1, 0, 3, 3, 7, 3, 3, 1, 0, 7, 3, 3, 3, 10, 10, 3, 0]"
19258217,"[3, 3, 3, 5, 3, 0, 3, 3, 3, 0, 3, 3, 3, 3, 3, 3, 3, 3, 0, 3, 3, 3, 3, 3, 4, 3, 3, 0, 8, 3, 3, 4, 7, 3, 3, 10, 5, 3, 3, 3, 0, 3, 3, 3, 3, 3]"
19271559,"[3, 4, 3, 3, 1, 0, 3, 7, 1, 5]"
19344803,"[0, 0, 5, 5, 0, 10, 0, 4, 0, 3]"
19379236,"[0, 3, 3, 3]"
19421454,"[0, 8, 3, 3, 3, 3, 3, 3, 3, 3, 4, 3, 3, 5, 3, 4, 5, 0, 4, 10, 8, 1, 8, 0, 0, 6, 7, 4, 1, 1]"
19463368,"[0, 0, 3, 0, 3, 0, 3, 0, 0, 10, 3, 3, 3, 3, 3, 3, 3, 1, 4, 0, 0, 3, 10, 3, 0, 3, 3, 3, 3, 0, 3, 0, 0, 7, 3, 3, 10, 3, 7, 3, 0, 3, 0, 3, 3, 3, 0, 3, 1, 3, 3, 3, 3, 3, 0, 3, 2, 0, 3, 3, 0, 5, 0, 0, 3, 3, 0, 0, 3, 8, 3, 3]"
19495315,"[0, 5, 5, 5, 3, 3, 5, 4, 3, 5, 10, 0, 0]"
19566724,"[3, 3, 0, 3, 8, 3, 0, 4, 0, 0, 3, 3, 0, 1, 0, 3, 3, 0, 0, 3, 0, 3, 3, 8, 0, 3, 0, 7, 3, 7, 1, 3, 8, 5, 8, 10, 8]"
19583175,"[0, 0, 6, 5, 3, 3, 0, 3, 0, 4]"
19671715,"[10, 0, 3, 4, 4, 3, 3, 3, 0, 0, 4]"
19777337,"[3, 0, 3, 0, 3, 0, 1, 3, 0, 4, 3, 3, 7, 3, 3, 0, 3, 10, 3, 3, 10, 4, 4, 0, 3, 3, 3, 3, 3, 0, 10, 0, 8, 0, 10, 0, 8]"
19820048,"[0, 5, 5, 0, 3, 0, 0, 0, 0, 0, 3, 7, 3, 8, 0, 0, 3, 3, 3, 3, 0, 3, 0, 3, 3, 1, 3, 3, 0, 1, 0, 3, 3, 0, 0, 0, 8, 0, 4, 7, 3, 0, 0, 3, 3, 0, 10, 10, 0, 10, 0, 3, 0, 10, 3, 3, 0, 5, 10, 10, 10, 3, 0, 10, 10, 0, 10, 3, 0]"
20015755,"[5, 1, 0, 4, 3, 3, 3, 0, 5]"
20072102,"[4, 10, 3, 3, 1, 7, 1, 1, 0, 5, 0, 3, 3, 3, 3, 5]"
20089961,"[0, 3, 3, 3, 0, 3, 1, 3, 0, 8, 8, 5, 0, 1, 3, 3, 3, 3, 3, 0, 1, 3, 1, 3, 10, 3]"
20264949,"[0, 0, 8, 0, 0, 0, 0, 0, 0, 0, 3, 1, 6, 8, 0, 0, 8, 0, 4, 8, 0]"
20320460,"[6, 3, 7, 10, 0, 4, 3, 7, 5, 3, 4, 3, 3, 4, 3, 0, 0, 4, 7, 3, 0, 3, 6, 4, 0, 3, 3, 4, 0, 7, 3, 8]"
20398475,"[3, 3, 0, 0, 6]"
20401848,"[0, 3, 3, 3, 3, 3, 3, 0, 3, 0, 0, 3, 0, 3, 3, 10, 10, 10, 0, 3, 0, 1, 0, 1, 3, 3, 10, 3, 1, 0, 0, 1, 10, 0, 3, 4, 5, 0, 1, 0, 3, 3, 4, 3, 8, 3, 3, 10, 0, 10, 1, 3, 10, 0, 8, 4, 1, 1, 4, 10, 3, 10, 8]"
20425100,"[0, 2, 1, 0, 4]"
20442820,"[3, 5, 0, 7, 3, 0, 8, 0, 5, 0]"
20475363,"[1, 3, 1, 8, 0, 2, 3]"
20485147,"[8, 0, 1, 3, 1, 3, 0, 5, 3, 3, 8, 0, 0, 3, 3, 0, 8, 3, 10, 4, 5, 3, 0, 10, 3, 3, 3, 10, 4, 3, 4, 4, 10, 0, 3, 10, 3, 0, 10, 0, 4, 0, 0, 0, 1, 3, 10, 3, 4, 3, 3, 3, 3, 7, 0, 3, 0, 3, 3, 0, 3, 10, 5]"
20523067,"[0, 3, 8, 10, 0, 8, 3, 0, 3]"
20524492,"[3, 3, 3, 3, 3, 1, 0, 3, 3, 1, 3, 4, 0, 5, 5, 7, 0, 8, 0, 0, 3, 0, 3, 3, 3, 3, 4, 3, 10]"
20574919,"[0, 3, 8, 3, 3, 3]"
20575760,"[5, 0, 4, 3, 4, 3]"
20596726,"[1, 3, 1, 3, 3, 0, 3, 3, 7]"
20678499,"[4, 3]"
20719359,"[0, 3, 0, 1, 7, 0, 0, 3]"
20764456,"[3, 1, 0, 0, 4, 8, 1, 10, 4]"
20798851,"[3, 6, 8]"
20833107,"[3, 0, 3, 0, 0, 0, 3, 0, 5, 5, 3, 0, 10, 5]"
20912988,"[0, 3, 5, 3, 0]"
20937181,"[3, 0, 3, 3, 3, 3, 0, 0, 0, 0, 3, 3, 3, 3, 3, 0, 0, 3, 0, 3, 4, 3, 3, 0, 3, 3, 0, 0, 0, 7, 1, 0, 3, 0, 0, 10, 0, 3, 0, 3, 3, 3, 3, 3, 3, 4, 0, 4, 4, 0, 0, 3, 3, 3, 3, 3, 3, 4, 1, 3, 3, 0, 7, 7, 3, 0, 3, 10, 3, 3, 4, 0, 0, 3, 10, 4, 3, 3, 3, 3, 3, 1, 0, 4, 3, 7, 3, 3, 10, 0, 3, 3, 4, 0, 3, 3, 3, 3]"
20955374,"[0, 3, 3]"
20987461,"[8, 3, 3]"
20991625,"[3, 3, 3, 3, 0, 0, 3, 3, 0, 3, 3, 3, 3, 0, 3, 0]"
21064505,"[0, 7, 3, 0, 10, 0, 0, 3, 3, 0, 3]"
21066411,"[0, 5, 0, 1]"
21133929,"[0, 3, 3, 1, 5, 0]"
21135479,[4]
21206525,"[0, 3, 3, 1, 5]"
21210395,"[0, 0, 3, 10, 3, 0, 3, 0, 0, 5, 3, 3, 0, 3, 3, 3, 0, 0, 5, 3, 3, 4, 3, 3, 3, 1, 1, 10, 3, 8, 0, 3, 1, 0, 8, 3, 3, 3, 3, 3, 4, 3, 0, 0, 0, 3, 0, 0, 3, 0, 8, 0, 4, 3, 0, 0, 3, 0, 4, 0, 4, 0, 3, 0, 3, 3, 0, 0, 0, 0, 4, 3, 3, 3, 3, 3, 5, 4, 4, 3, 0, 3, 3, 0, 3, 1, 1, 0, 3, 3, 3, 1, 3, 3, 0, 0, 1, 3, 0, 0, 3, 0, 0, 0, 10]"
21380964,"[3, 3, 6]"
21404478,"[3, 3, 3, 3, 0, 3, 0, 3, 0, 0, 0, 3, 0, 0, 8, 3, 0, 3, 3, 3, 3, 3, 0, 0, 3, 0, 0, 0, 3, 3, 3, 8, 0, 0, 3, 3, 0, 3, 0, 0, 0, 0, 3, 4, 0, 8, 8, 5, 0, 0, 3, 0, 3, 3, 0, 0, 0, 0, 0, 0, 8, 1, 0, 0, 5, 0, 8, 0, 3, 0, 0, 3, 5, 10, 0, 3, 0, 3, 3, 3, 0, 3, 3, 7, 1, 3, 8, 0, 3, 3, 0, 8, 0, 5, 0, 8, 0, 10, 3, 1, 0, 10, 3, 0, 0, 5, 0, 0, 8, 0]"
21427848,"[3, 4, 3, 8]"
21545922,"[0, 0, 0, 0, 0, 0, 0, 0, 0, 0, 3, 3, 3, 3, 0, 0, 0, 0, 3, 0, 3, 3, 3, 0]"
21651467,"[8, 8, 3, 10]"
21764056,"[5, 3, 3, 4, 3, 3, 0, 5, 0, 3, 7, 4, 0, 3]"
21817575,"[0, 8, 3, 4, 3, 0, 0, 3, 3, 3, 0, 0, 4, 3, 3, 0, 3, 3, 3, 7, 3, 0, 3, 0, 0, 3, 3, 3, 8]"
21851051,"[8, 0, 0, 3, 3, 0, 0, 8, 5, 1, 3, 3, 3, 3, 10, 0, 0, 0, 4, 8, 10, 0, 0, 3, 5, 5, 0]"
21942458,"[1, 3, 3, 0, 0]"
21945570,"[0, 3, 0, 8, 1, 0, 0, 3, 0, 0, 1, 3, 3, 3, 0, 0, 0, 3, 0, 3, 0, 3, 0, 7, 3, 3, 3, 10, 3, 3, 3, 3, 3, 3, 3, 10, 0, 3, 3, 3, 10, 3, 8, 0, 3, 0, 3, 3, 1, 8, 1, 4, 0, 10, 0, 3, 0, 0]"
22061565,"[3, 1, 4, 1, 1, 3, 4, 3, 3, 3, 0, 7, 1, 3, 4, 0, 7, 0, 0, 3, 7, 3, 1, 3, 3, 3, 0, 3, 10, 0, 0, 4, 0]"
22214410,"[3, 8, 0, 5, 1]"
22242521,"[0, 1, 6, 0, 0, 5, 8, 0, 5, 3, 7, 3]"
22320215,"[3, 0, 8, 3, 3, 7, 0, 10, 10, 3, 3, 5, 5, 3, 0]"
22324733,"[4, 8, 5, 3, 3, 1, 8, 4, 0, 3, 3, 1, 7, 3, 0, 4, 10, 4, 0, 4, 3, 4, 3, 3, 4, 0, 3, 0, 0, 7, 3, 1, 0, 2, 0, 0, 0, 4, 0, 8, 5, 10, 0, 0, 0, 3, 3, 4, 3, 1, 0, 3, 3, 3, 3, 3, 3, 0, 0, 3, 3, 3, 3]"
22336327,"[0, 0, 3, 10, 10, 10, 3, 3, 0, 1, 5, 7, 3, 3, 3, 1]"
22377867,"[4, 3, 3, 3, 3, 3, 3, 3, 3, 10, 3, 3, 3, 10, 3, 4, 4, 0, 3, 3, 3, 8, 3, 3, 3, 0, 4, 3, 0, 3, 3, 3, 3, 3, 10, 0, 3, 4, 3, 8, 3, 3, 10, 4, 3, 0, 3, 3, 3, 1, 3, 0, 3, 3, 1, 3, 3, 3, 8, 4, 1, 3, 3, 3, 3, 3, 3, 4, 3, 4, 3, 0, 3, 3, 3, 3, 3, 3, 3, 4, 4, 3, 4, 7, 3, 3, 3, 7, 3, 0, 3, 7, 3, 3, 3, 3, 3, 3, 3, 3, 3, 3, 3]"
22470129,"[3, 3, 3]"
22486844,"[5, 10, 0, 3, 8, 8, 5, 0, 3, 3, 3, 0, 5, 1, 7, 3, 3, 3, 7, 3, 7, 1, 0, 3, 3, 0, 0, 0, 3, 8, 0, 0, 0, 0, 3, 3, 0, 0, 0, 0, 3, 5, 3, 0, 0, 8, 3, 1, 0, 0, 0, 0, 3, 0]"
22558719,"[0, 0, 0, 4, 1, 8, 5, 4]"
22561914,"[1, 0, 3, 3, 3, 7, 0, 0, 3, 3, 0, 3, 3, 1, 0, 5]"
22578492,"[7, 3, 0, 5, 0, 3, 0, 0, 1, 0, 8, 0, 0, 3, 10, 7, 0, 0, 10, 0]"
22740984,"[10, 3, 3, 0, 0, 3, 0, 3, 0, 3, 0, 0, 3, 3, 10, 3, 3, 3, 3, 0, 0, 3, 3, 8, 0, 10, 4, 3, 3, 3, 3, 3, 3, 3, 0, 4, 0, 4, 7, 10, 10, 7, 10, 3, 3, 4, 4, 0, 1, 5, 4, 4, 8, 4, 3, 4, 3]"
22837134,"[4, 0, 8, 3, 0, 0, 4]"
22872100,"[3, 3, 10, 7, 4, 0, 3, 0, 0, 0, 10, 3, 0, 3, 0, 3, 8, 3, 10, 3, 7, 3, 0, 3, 4, 0, 3, 3, 0, 3, 0, 1, 0, 3, 4, 0, 0, 3, 7, 3, 10, 3, 0, 0, 0, 3, 4, 3, 3, 0, 0, 10, 3, 3, 3, 8, 3, 3, 3, 3, 3, 0, 4, 3, 3, 4, 3, 0, 3, 3, 1, 3, 10, 3]"
22878411,"[3, 7, 0, 4, 0, 7, 0, 7, 3, 3, 0, 0, 4, 0, 10, 0, 0]"
22947141,"[3, 4]"
23086136,"[1, 3, 3, 0, 3, 3, 10, 3, 3, 1, 1, 10, 0, 0, 0, 3, 0, 0, 1, 10, 0, 3, 3, 0, 1, 10, 3, 0, 0, 0]"
23150423,"[3, 0, 10, 3, 3, 8, 4, 4, 0, 3, 3, 3, 3, 3, 3, 3, 3, 0, 3, 3, 3, 3, 3, 3, 3, 7, 7, 0, 7, 3, 0, 4, 0, 10, 3, 7]"
23320544,"[3, 3, 3, 0, 3, 3, 3, 0, 4, 0, 3, 3, 10, 1, 3, 3, 3, 3, 0, 5, 5, 10, 3, 0, 3, 0, 4, 10, 3, 10, 0, 0, 0, 3, 8, 0, 10, 3]"
23400589,"[0, 0, 8, 3, 8, 0, 0, 8, 7, 8, 3, 10, 0, 0, 0, 3, 0, 0, 0, 7, 3, 3, 3, 3, 10, 3, 3, 3, 0, 7, 3, 3, 4, 8, 8, 0, 10, 3, 4, 4, 4, 1, 3, 3, 8]"
23438376,"[3, 0, 0, 0, 0, 0, 3, 0, 1, 3, 10, 3, 0, 4, 4, 3, 0, 1, 5, 3, 3, 3, 0, 0, 3, 5, 1, 1, 10]"
23485396,"[0, 3, 3, 5, 0, 3, 0, 3, 3, 0, 3, 0, 3, 0, 3, 0, 0, 0, 3, 3, 3, 0, 0, 0, 3, 10, 4, 0, 0, 3, 3, 3, 7, 1]"
23632278,"[0, 0, 3, 1, 0, 3, 10, 5, 3, 8, 0, 3, 0, 8, 3, 0, 0, 3, 5, 3, 3, 10, 10, 0, 0, 0, 0, 4, 3, 3, 3, 0, 0, 4, 0, 4, 0]"
23675899,"[1, 3, 3, 0, 3, 10, 3, 3, 10]"
23814420,"[0, 3, 3, 3, 3, 0, 3, 0, 7, 0, 3, 0, 3, 0, 3, 0, 3, 3, 3, 3, 3, 3, 10, 10, 5, 0, 4, 10, 0, 8, 0, 3, 3, 0, 4, 3, 3, 8, 3, 7, 0, 3, 3, 5, 3, 3, 0, 7, 4, 7, 10]"
23893107,"[3, 5, 3, 3, 0, 0, 0, 0, 0, 3, 3, 0, 0, 0, 1, 0, 4, 0, 1, 3, 0, 10, 0, 0, 3, 3, 0, 0, 0, 0, 10, 3, 3, 3, 3, 3, 8, 3, 4, 3, 3, 0, 10, 3, 0, 3]"
24028744,"[3, 3, 3, 5, 5, 1, 3, 0, 3, 4, 0, 7, 0, 3]"
24201336,"[4, 0, 0, 3, 0, 3, 7, 0, 3, 10, 3, 0, 10, 0, 3, 3, 3, 0, 4, 3, 4, 3, 5, 5, 3, 3, 3, 3, 3, 3, 0, 3, 0, 0, 3, 0, 8, 3, 0, 5, 0, 8, 3, 0, 3, 3, 0, 0, 7, 7, 0, 3, 0, 3, 0, 0, 3, 5, 3, 0, 0, 3, 10, 3, 0, 1, 3, 0, 0, 3, 3, 0, 0, 10, 1, 3, 2, 3, 3, 10, 3, 0, 3, 5, 0, 0, 3, 0, 0, 0, 0]"
24282217,"[0, 0, 0, 8, 8, 8, 5, 1, 8, 0, 3, 3, 4, 3, 1, 8, 5, 4, 0, 1, 0, 0, 5, 3]"
24300269,"[3, 3, 0, 0, 4, 3, 0, 7, 3]"
24354731,"[3, 3, 0, 0]"
24367532,"[3, 0, 5, 3, 3]"
24374818,"[0, 3, 3, 3, 3, 1, 3, 10]"
24380314,"[1, 0, 3, 7, 0, 3, 7]"
24388527,"[0, 0, 3, 3, 3, 3]"
24436496,"[4, 3, 3, 5, 0, 0, 8, 0, 4, 0, 4, 4]"
24500960,"[0, 0, 3, 3, 3, 4, 0, 3, 0, 0, 3, 4, 3, 0, 0, 0, 0, 0, 0, 8, 0, 10, 1, 4, 0, 0, 3, 3, 0, 0, 4, 3]"
24587655,"[0, 5, 5, 3, 7, 4, 5, 1, 4, 3, 3, 0, 3, 3, 5, 3, 3, 1, 0, 3, 3, 3, 3, 0, 5]"
24587933,"[0, 0, 3, 3, 5, 0, 8, 5, 4, 0, 3, 5, 0, 0, 10, 5, 4, 0, 3, 0, 0, 10]"
24598397,"[3, 3, 3]"
24631549,"[3, 0, 0, 3, 0, 8, 3, 0, 0, 0, 5, 3, 0, 3, 3, 3, 1, 0, 0, 10, 3, 5, 3, 1, 3, 3, 8, 1, 8, 3, 8]"
24652963,"[0, 0, 0, 3, 5, 5, 3, 3, 0, 10, 8, 3, 0, 1, 0, 3, 8, 3, 3, 3, 0, 1, 4, 4, 0, 0, 0, 1, 0, 0, 0, 0]"
24770245,"[0, 3, 0, 0, 0, 0, 0, 0, 0, 1, 0]"
24771643,"[3, 3, 3, 0, 3, 3, 1, 3, 7, 3, 0]"
24811418,"[3, 10, 0, 10, 10, 7, 3, 0, 3, 3, 3]"
24877081,[3]
24961327,"[10, 3, 5, 3, 1]"
24978786,"[3, 1, 3, 10, 3, 3, 3, 5]"
25114906,"[4, 4, 4, 0, 3, 0, 3, 0, 3, 0, 1, 0, 8]"
25121570,"[0, 0, 3, 0, 3, 1, 3, 0, 3]"
25183229,"[3, 0, 0, 0, 3, 4, 0, 3, 3]"
25184636,"[0, 1, 10, 1, 0, 1]"
25202309,"[0, 3, 4, 3, 0, 3, 0, 3, 3, 0, 3, 3, 3, 3, 0, 6, 0, 0, 4, 3, 3, 3, 4, 3, 3, 0, 3, 10, 0, 3, 0, 3, 0]"
25212770,"[0, 3, 3, 3, 0, 3, 3, 4, 6, 7, 4, 3, 0, 0, 0, 3, 4, 3, 0, 7, 3, 5, 4, 3, 0, 3, 0, 7, 3, 0, 10, 3, 3, 8, 3, 3, 5, 3, 0, 3, 4, 3, 3, 7, 3, 3, 3, 4, 1, 3, 7, 0, 0, 3, 1]"
25225244,"[4, 0, 3, 3, 0, 7, 0, 3, 3, 0, 8, 4, 0, 3, 4, 3, 3, 3, 0, 3, 3, 3, 3, 5, 10, 3, 3, 3, 3, 3, 0, 3, 10, 3, 3, 3, 8, 4, 3, 0, 0, 4, 4, 5, 6, 10, 1, 3, 4, 10, 0, 0, 4, 0, 10, 3, 8]"
25255778,"[0, 5, 3, 3, 3, 1, 0, 8, 3, 3, 4, 4, 3, 3, 0, 0, 0, 3, 0, 0, 3, 3, 3, 0, 3, 10, 0, 0, 0, 8, 0, 7, 3, 4, 0, 0, 0, 3, 0, 0, 3, 3, 3, 3, 4, 0]"
25411775,"[3, 3]"
25737451,"[10, 3, 0, 3]"
25746139,"[5, 4, 3, 3, 4, 0]"
25757180,"[7, 3, 0, 3, 0, 3, 3, 7, 7, 3, 3, 3, 3, 3, 3, 4]"
25871790,"[3, 3, 0, 0, 0, 1, 0, 0, 0, 3, 3, 1, 4, 0, 8, 3, 4, 3, 7, 3, 7, 3, 3, 3, 0, 3, 1, 0, 3, 0, 4, 0, 4, 0, 1, 5, 4, 3, 4, 0, 0, 4, 0, 10, 3, 4, 3, 4, 3, 0, 8, 3, 3, 4, 0]"
25886080,"[5, 8, 4, 3, 3, 3, 0, 0, 5, 3, 0, 3, 0, 2, 7, 3, 10, 4, 0, 0, 4, 4, 4, 8, 0, 4, 4, 3, 3, 10, 0, 3, 7, 8, 0, 3, 10, 1, 3, 10, 10, 3, 3, 3, 3, 6, 3, 0, 3, 8, 0, 0, 3, 3, 7, 10, 0, 1, 8, 3, 8]"
25896358,"[3, 3, 3, 0, 3, 0, 3, 0, 8, 3, 3]"
25917921,"[3, 3, 0, 3, 5, 0, 0, 0, 0, 10, 3, 0, 3, 4, 3]"
25924934,"[0, 3, 0, 3, 0, 5, 3, 0, 0, 5, 5, 0, 0, 0, 0, 5]"
25946368,"[3, 3, 3, 5, 3]"
25948394,"[4, 0, 0, 0, 3, 0, 8, 3, 4, 10, 3, 0, 0, 10, 3, 0, 3, 3, 0, 8, 8, 1, 2, 1, 3, 3, 8, 0, 6, 8, 4, 5, 1, 3]"
26007941,"[4, 0, 0, 3, 3, 3, 0, 0, 4, 1, 7, 0, 3, 3, 3, 8, 0, 0, 0, 0, 3, 3, 0, 3, 1, 0, 0, 3, 3, 0, 0, 3, 0, 3, 4, 10, 3, 8, 8, 3, 3, 0, 1, 3, 3, 3, 0, 0, 3, 3, 10, 0, 3, 0, 3, 4, 0, 0, 3, 7, 3, 3, 1, 0, 1, 0, 3, 4, 3, 0, 5, 3, 4, 10, 8, 3, 3, 1, 5, 3]"
26057580,"[0, 0, 3, 3, 3, 3, 4, 3, 0]"
26100632,"[1, 3, 3, 3, 0, 3, 7, 3, 0, 3, 3, 0, 0, 0, 0, 0, 0, 4, 0, 0, 3, 3, 3, 3, 3, 0, 0, 0, 3, 3, 3, 0, 8, 3, 0, 0, 0, 3, 0, 0, 5, 3, 3, 3, 3, 3, 0, 3, 0, 0, 7, 0, 3, 3, 3, 1, 3, 3, 0, 3, 10, 0, 3, 0]"
26137623,[0]
26152459,"[0, 4, 4, 0, 0, 3, 0]"
26156614,"[0, 0, 3, 3, 3, 3, 7, 3, 3, 3, 3, 0, 3, 3, 0, 0, 0, 3, 3, 3, 3, 4, 3, 3, 1, 1, 3, 10]"
26177915,"[3, 3, 0, 3, 4, 0, 7, 3, 5, 0]"
26200483,"[0, 0, 4, 0, 3, 3, 0, 3, 0, 3, 0, 0]"
26297740,"[5, 0, 3, 3]"
26383573,"[1, 3, 4, 4, 0, 1, 3, 0, 3, 0, 1, 3, 3, 0, 3, 3, 3, 10, 3, 3, 1, 3, 0, 0, 0, 3, 0, 3, 1]"
26396356,"[3, 0, 3]"
26408267,"[3, 3, 3, 0, 0, 3]"
26443897,"[3, 0, 3, 7, 3, 3, 1, 5, 6, 10, 0, 3, 3]"
26458140,"[3, 0, 3, 0, 0, 6, 0, 10, 0, 3, 0, 3, 0, 0, 0, 0, 0]"
26505302,"[0, 3, 7, 3, 7, 3, 0, 3, 3, 3, 10, 3, 10, 8, 0, 0, 3, 10, 10, 10, 0, 3, 3, 7, 7, 3, 0, 7, 0, 0, 1, 0, 7, 10, 5, 0, 1, 7, 3, 0, 3, 3, 3, 0, 0, 3, 0, 0, 3, 7, 7, 4, 0, 10, 3, 3]"
26514248,"[7, 0, 3, 0, 0, 0]"
26523796,"[1, 1, 0, 3, 1, 3, 7, 7, 0, 0, 3, 3]"
26524986,"[0, 1, 3, 10, 1, 5, 3, 3, 3, 3, 10, 3]"
26525959,"[0, 0, 0, 0, 3, 2]"
26545312,"[10, 3, 0, 3, 0, 10, 7, 0, 4, 3, 0, 3, 0, 10, 3, 0, 3, 3, 3, 3, 3, 3, 3, 3, 4, 0, 3, 4, 3, 1, 3, 0, 4, 3, 0, 3, 5, 0, 1, 0, 0, 0, 1, 0, 4, 3, 3, 1, 3, 0, 1, 3, 4, 7, 3, 3, 3, 3, 0, 3, 3, 3, 3, 3, 3, 3, 3, 3, 3, 3, 3, 3, 3, 3, 3, 7, 3, 0, 4, 3]"
26546192,"[0, 3, 3, 3, 4, 3, 0, 0, 3, 8, 3, 3, 0, 3, 3, 4, 4, 0, 0, 3, 0, 0, 0, 0, 0, 3, 0, 0, 3, 3, 0, 3, 4, 4, 0, 3, 3, 4, 0, 5, 3, 3, 3, 0, 0, 3, 3, 3]"
26640523,"[0, 0, 0, 5, 1, 0, 4, 3, 0, 0, 0, 0, 3, 0, 3, 5, 0, 3, 0, 0, 3, 0]"
26741261,"[0, 7, 1, 0, 0]"
26806844,"[3, 0, 0, 3, 3, 3, 0, 3, 0, 0, 0, 3, 3, 0, 0]"
26889567,"[0, 1, 0, 0, 0, 3, 0, 1, 5, 0, 1, 0, 0, 1]"
26911870,"[0, 4, 3, 3, 4, 3, 3, 4, 0, 0, 0, 3, 0, 0, 4, 7, 3, 3, 7, 0, 3, 3, 0, 3, 3, 4, 4, 3, 3, 3, 0, 0, 1, 8, 3, 3, 3, 3, 3, 3, 0, 3, 7, 3, 0, 0, 3, 3, 7, 3, 0, 3, 3, 0, 0, 3, 4, 8, 4, 3, 3, 0, 4, 7, 7, 3, 7, 3, 7, 10, 3, 3, 3, 7, 0, 10, 3, 3, 3, 3, 3, 3, 4, 0, 3, 0, 0, 4]"
26953541,"[0, 3, 3]"
27002245,"[3, 3, 8, 3, 3, 3, 5]"
27063955,"[1, 5, 3, 0, 3, 3, 5, 5, 8, 4, 0, 7, 3, 0, 3, 3, 3, 3, 3, 3, 0, 4, 3, 7, 1, 3, 1, 3, 0, 3, 7, 3, 3, 3, 3, 3, 7, 7, 0, 3, 4, 3, 0, 10, 0, 3, 1, 3, 3, 0, 5, 3, 0, 3, 3, 3]"
27116963,"[3, 0, 4, 7, 4, 3, 3, 3, 3, 10, 4, 4, 0, 4, 0, 3, 7, 8, 0, 4, 0, 3, 3, 0, 3, 4, 0, 0, 3, 7, 0, 3, 7, 3, 7, 5, 0, 3, 3, 3, 3, 3, 3, 3, 3, 3, 0, 3, 10, 0, 3, 3, 3, 3, 0, 0, 3, 4, 3, 3, 3, 4, 3, 3, 3, 7, 7, 3, 3, 10, 3, 3, 3, 3, 3, 3, 0, 7, 1, 3, 5, 3, 4, 7, 7, 4, 3, 7, 1, 10, 3, 3, 8, 3, 3, 8, 0, 3, 3, 3, 7, 4, 3, 3, 3, 3, 3, 1, 3, 3]"
27122528,"[0, 0, 0, 0, 0, 8, 3, 0, 0, 8, 3, 4, 4, 4, 0, 3, 0, 0, 0, 3]"
27123043,"[3, 0, 0, 8, 8, 3, 0, 3, 7, 0, 0, 0, 1, 8, 0, 0, 7, 8, 4, 0, 0, 0, 0, 3, 4, 1, 0, 8, 0, 8, 3, 0, 0, 3, 0, 0, 0, 0, 4]"
27127942,"[0, 3, 3, 0]"
27260560,"[0, 0, 4, 0, 0, 3, 4, 3, 0, 7, 3, 5, 0, 4, 3, 7, 0, 0, 0, 4, 3, 10, 3, 8, 4, 1, 0, 0, 0, 7, 3, 5, 3, 0, 0, 3, 0, 3, 0, 3, 0, 0, 0, 0, 0, 4, 3, 0, 0, 7, 4, 3, 3, 4, 4, 0]"
27306875,"[0, 1, 8, 0, 0, 0, 7, 3, 3, 10, 3]"
27326936,"[0, 1, 1, 3, 3, 0, 6, 0, 3, 0, 0, 0, 0, 0, 3, 0, 3, 3, 4, 3, 0, 3, 0, 3, 3, 3, 3, 4, 0, 3, 0, 5, 0, 3, 3, 3, 0, 0, 0, 3, 3, 0, 3, 3, 4, 0, 3, 4, 3, 3, 3, 3, 1, 3, 3, 3, 3, 3]"
27346771,"[7, 4, 0, 0, 4, 3, 3, 3, 1, 4, 3, 3, 0, 0, 3, 3, 3, 10, 5, 5, 3, 3, 3, 1]"
27348158,"[10, 3, 0, 0, 0, 3, 5, 3, 1, 0, 0, 4, 3, 8, 3, 0, 3, 0, 3, 0, 0, 3, 3, 0, 3, 3, 3, 0, 0, 0, 5, 7, 3, 1, 3, 0, 3, 0, 0, 1, 3, 4, 0, 3, 1, 3, 8, 3, 10, 0, 0, 1]"
27462826,"[3, 3, 3, 0, 0, 0, 0, 3, 0, 3, 3, 3, 3, 3, 3, 3, 0, 10, 3, 8, 4, 10, 3, 4, 3, 3, 3, 3, 3, 3, 3, 3, 3, 3, 0, 3, 3, 7, 3, 3, 3, 7, 7, 3, 3, 3, 3, 3, 0, 4, 7, 3, 3, 3, 3, 3, 3, 3, 3, 0, 3, 3, 0, 3, 3, 3, 3, 3, 0, 3, 0, 3, 4, 3, 3, 1]"
27490108,"[0, 3, 3, 0, 3, 3, 4, 3, 3, 5]"
27538824,"[0, 3, 6, 7]"
27639550,"[7, 5, 0, 0, 3]"
27686176,"[10, 4, 3, 3, 0, 3, 5, 1, 0, 0, 7, 3, 3, 3, 7]"
27742828,"[6, 3, 3, 3, 3]"
27744247,"[0, 3, 10, 3, 5, 0, 3]"
27755114,"[0, 4, 0, 5, 3, 0, 3, 4, 0, 1]"
27756613,"[0, 0, 0, 0, 0, 3, 3, 0, 0, 1, 3, 4, 8, 3, 8, 0, 3, 0, 4, 8, 3, 8, 0, 5, 10, 0, 4, 8, 0, 0, 0, 0, 5, 5, 8, 0, 0, 3, 5, 10, 4, 8, 0, 8, 0, 0, 6, 1, 3, 0, 0, 8, 3, 8, 3, 6, 0, 1, 0, 5, 3, 3, 3, 0, 8, 8, 3, 8, 5, 5, 8, 6, 4, 0, 4, 0, 0, 3, 0, 8, 3, 10, 5, 5, 4, 0, 0, 5, 3, 0, 3, 0, 8, 0, 0, 0, 3, 3, 1, 8, 1, 3, 0, 3, 0, 6, 3, 0, 3, 1, 3, 8, 0, 0, 4, 10, 10, 0, 0]"
27939556,"[3, 3, 0, 0, 0, 3, 0, 3, 0, 0, 0, 0, 0, 3, 3, 8, 0, 0, 3, 1, 0, 0, 0, 0, 0, 0, 8, 8, 0, 0, 3, 6, 0, 3, 3, 2, 3, 0, 3, 4, 0, 3, 4, 3, 0, 0, 3, 0, 3, 0, 5, 3, 0, 3, 1, 3, 10, 3, 3, 0, 3, 0, 0, 4, 1, 5, 3, 7, 0, 1, 0, 0, 0, 8, 3, 3, 0, 7, 3, 3, 10, 3, 4, 10, 4, 0, 3, 3, 3, 10, 4, 10, 3]"
28000044,"[0, 8, 1, 3, 3, 1, 8]"
28062973,"[3, 7, 6, 0, 0, 7, 3, 3, 3, 3, 3, 0, 7, 0, 4, 3, 3, 0, 0, 0, 0, 8, 7, 7, 3, 0, 3, 8, 10, 3, 4, 0, 0, 0, 0, 3, 3, 3, 0, 3, 3, 3, 3, 0, 3, 0, 0, 3, 3, 3, 0, 0, 0, 3, 3, 0, 10, 3, 3, 3, 1, 5, 5, 1, 0, 3, 4, 4, 3, 0, 0, 3, 0, 5]"
28084941,"[0, 0, 1, 0, 0, 3, 0, 0, 0, 4, 0, 0, 3, 10, 3, 0, 7, 4, 10, 3, 4, 0, 0, 3, 3, 0, 0, 0, 10, 0, 3, 3, 4, 4, 0, 0, 3, 0, 0, 3, 0, 3, 1, 3, 3, 0, 7, 3, 7, 3, 3, 3, 3, 4, 1, 0]"
28134702,"[3, 8, 3, 0, 3, 3, 3, 3, 10, 8, 3, 3, 4, 3, 3, 0, 3, 7, 3, 3, 3, 0, 3, 5, 0, 3, 3, 3, 3, 0, 3, 0, 3, 4, 0, 0, 10, 0, 3, 0, 0, 0, 1, 3, 3, 0, 8, 0, 3, 5, 10, 3, 0, 3, 0, 8, 3, 3, 4, 3]"
28256193,"[3, 0, 0, 3, 0, 7, 10, 3]"
28271211,[5]
28301538,"[0, 3, 4, 8, 3, 3, 3]"
28671081,"[7, 3, 8, 3, 0, 0, 0, 10, 0, 3, 0, 0]"
28791031,"[3, 3, 0, 10, 3, 0, 4, 3, 1, 0, 3, 3, 3, 7, 0, 0, 4, 3, 10, 1, 0, 3, 4, 0, 1, 0, 0, 8, 3, 10, 3, 7, 0, 10, 3, 0, 4, 0, 10, 4, 4, 8, 0, 1, 4, 8, 3, 3, 3, 8]"
28794755,"[4, 0, 5, 3, 0, 0, 3, 3, 0, 3, 0, 0, 3, 3, 10, 4, 0]"
28806846,[0]
28826121,"[3, 1, 8, 0, 2, 3, 1, 4, 4, 0, 10, 0, 0, 4, 3, 0, 3]"
28847751,"[0, 8, 8, 4, 3, 3, 0, 3, 10, 0, 10, 0, 3, 0, 0, 3, 3, 10, 0, 0, 0, 3, 3, 3, 3, 10, 3, 3, 3, 0, 0, 0, 5, 3, 0, 10, 3, 3, 1, 1, 3, 10, 10]"
28871413,"[3, 1, 8, 4, 4, 3, 3, 3, 0]"
28919836,"[1, 3, 0, 3, 5, 10, 3, 3, 0, 0, 8, 0, 8, 3, 0, 4, 3, 5, 10, 0, 3, 3, 7, 3, 8, 4, 3, 3, 3, 4, 0, 4, 3, 3, 3, 4, 3, 0, 3, 3]"
29000018,"[0, 8, 3, 10, 8, 8, 1, 3, 3, 0, 0, 0, 8, 3, 3, 0, 1, 8, 0]"
29060046,"[3, 1, 1, 3, 3, 0, 0, 0, 5, 1, 7, 3]"
29239928,"[3, 4]"
29358654,"[3, 3]"
29437721,"[0, 0, 3, 0, 0, 5, 0, 0, 0]"
29491325,"[3, 4, 3]"
29511732,"[4, 1, 3, 3, 0, 5, 4, 3, 0, 3, 3, 0, 0, 3]"
29524136,"[0, 4, 0, 3, 0, 8, 0, 3]"
29768643,"[0, 0, 0, 0, 8, 0, 0, 3, 3, 3, 0]"
29890894,"[0, 8, 3, 3, 3, 0, 0, 1, 3, 0, 2, 3, 0, 3, 4, 3, 8, 2]"
29900532,"[1, 0, 4, 3, 0, 0, 3, 1, 3, 3, 7, 3, 0, 8, 1, 3, 5, 3, 3, 3, 10, 5]"
30261876,"[3, 3, 3, 3]"
30271101,"[3, 10, 10, 3, 3, 0, 5]"
30296521,"[0, 0, 3, 3, 3, 3]"
30352708,"[0, 3, 3, 0, 1, 0, 10, 3, 4, 3, 7, 3, 0, 1, 3, 5, 3, 0]"
30407971,"[0, 0]"
30408196,"[4, 3, 0, 0, 8, 0, 3, 3, 3, 3, 5, 3, 0, 0, 3, 0, 0, 8, 4, 1, 3, 0, 5, 10, 5, 3, 3, 5, 0, 4, 0, 4, 3, 10, 0]"
30481661,"[0, 3, 1, 3, 0, 3, 0, 3, 7, 3, 3]"
30607472,"[7, 3, 3, 8, 3, 4, 3, 3, 0, 3, 0, 3, 0, 3, 0, 4, 3, 3, 0, 7, 0, 0, 0, 0, 3, 3, 5, 3, 1, 8, 10, 3, 0, 3, 7, 0, 3, 0, 3, 1, 3, 8, 3]"
30607983,"[3, 0, 3, 7]"
30729952,"[3, 3, 0, 5, 3, 0]"
30750975,"[3, 3, 0, 3, 0, 5, 1, 3, 3]"
30857519,"[3, 3, 10, 3]"
31039968,"[5, 10, 2, 3]"
31095423,"[0, 1, 3, 0, 3, 3, 4, 8, 0, 3, 0, 8, 3, 3, 0]"
31192332,"[0, 0, 0, 4, 8, 5, 8, 5, 8, 8, 0, 8, 0, 4, 3, 5, 0, 3, 10, 1, 3, 3]"
31205051,"[3, 5, 0, 4, 3, 0, 0, 3]"
31207174,"[3, 3, 3, 0, 3]"
31336743,"[3, 3, 3, 3, 3]"
31404359,"[3, 3, 3, 3, 3, 3, 10, 0, 0, 3, 0, 3, 3, 3, 1, 3, 0, 3, 3, 0, 3, 3, 3, 3, 3, 10, 3, 3, 3, 7, 3, 3, 1, 0, 3, 3, 3, 3, 3, 0]"
31417999,"[3, 1, 0, 3, 0, 3, 3, 0, 3, 3, 3, 3, 10, 3, 0, 3, 4, 3, 0, 0, 5, 3, 0, 0, 3, 3, 3, 0, 3, 0]"
31480409,"[3, 3, 0, 1, 3, 3, 3, 10, 1, 3, 3, 10, 10]"
31500300,"[3, 6, 1, 3, 3, 3, 5, 0, 0, 0, 3, 0, 0, 0, 3, 3, 3, 3, 3, 5, 0, 0, 0, 3, 3, 1, 10, 1, 0, 1, 3, 4, 3, 10, 3, 3, 3, 3, 3, 3, 3, 7, 0, 3, 1, 5, 0, 0, 0, 3, 0, 0, 1, 10, 5]"
31520425,"[5, 1, 0]"
31553889,"[0, 5, 3, 3, 3, 3, 10, 3, 0, 7, 5, 3, 3, 3, 3, 4, 3, 1, 0, 3, 0, 3, 10, 3, 3, 3, 0, 8, 3]"
31653535,"[0, 0, 6, 3, 3, 0]"
31667694,"[3, 7, 3, 3, 3, 5, 0, 0, 3, 0, 3, 3, 3, 10, 0]"
31686022,"[3, 1, 0, 3, 3, 5, 3]"
31724000,"[0, 0, 3, 0, 3, 3, 0, 5, 3, 0]"
31727546,"[4, 0, 0, 0, 0, 3, 3, 0, 3, 4, 3, 3, 0, 3, 3, 0, 3, 0, 3, 8, 3, 0, 1, 3, 3, 3, 3, 3, 0, 0, 3, 3, 0, 4, 4, 0, 3, 3, 3, 3, 3, 3, 0, 3, 3, 0, 0, 3, 3, 3, 3, 4, 3, 3, 3, 3, 4, 8, 3, 3, 3, 3, 3, 4, 0, 0, 5, 0, 3, 0, 3, 1, 0, 4, 3, 10, 3, 4, 0, 3]"
31729495,"[1, 0, 3, 4, 3, 7, 0, 7, 0, 7]"
31732137,"[0, 3, 3, 0, 0, 0, 0, 0, 0, 3, 0, 4, 0, 0, 0, 3, 0, 0, 5, 3, 0, 0, 3, 1]"
31838471,"[2, 8, 1, 0, 0, 4, 4, 0, 8, 3, 0, 0, 3, 0, 1, 3, 0, 3, 8, 2, 0, 3, 8, 3, 3, 4, 0, 0, 0, 0, 3, 0, 3, 3, 8, 0, 3, 4, 7, 3, 7, 0, 0, 4, 10, 8, 0, 10, 10, 0, 1, 3, 8]"
31839719,"[3, 3, 3, 3]"
31890421,"[3, 0, 10, 10, 0, 0, 4]"
31893898,"[0, 0, 3, 3, 3, 3, 10, 3, 3, 3, 3, 3, 3, 1, 0, 3, 3, 3]"
31958632,"[0, 3, 3, 0, 1, 8, 3, 7, 0, 5, 3, 3, 0, 0]"
31958696,"[3, 4, 0, 3, 3, 3, 4, 3, 3, 3, 3, 3, 10, 1, 3, 0, 1, 1]"
32032279,"[5, 4, 3, 3]"
32044366,"[0, 4, 3, 0, 0, 4, 0, 0]"
32605350,[5]
32755585,"[1, 0, 3, 0, 5, 3, 0, 10, 3, 3, 0, 0]"
32789431,"[0, 3, 3, 3, 3, 0, 5, 8, 7, 3, 4]"
32790377,"[3, 0, 3, 3, 3, 3]"
32869134,"[1, 3, 0, 0, 3, 0, 5, 3, 7, 10, 3, 7, 3, 1, 3, 3, 3]"
32913943,"[0, 0, 3, 4, 1, 0, 3]"
32998860,"[8, 3, 0, 10, 0, 3, 3, 3]"
33025020,"[0, 10, 10, 0, 0, 0, 5, 8, 1, 1, 3, 5, 10, 3, 8, 5, 0, 3, 5, 1, 3, 0, 7, 10, 3, 3, 4, 3, 0, 0, 3, 5, 3, 0, 0]"
33058811,"[0, 0, 4, 4, 5, 3, 0, 3, 1, 0, 0, 3]"
33146132,"[0, 0, 0, 8, 3, 3, 7, 0, 7, 10, 0, 10, 1, 5, 4]"
33222541,"[0, 0, 10, 0, 0, 10, 3, 0, 3, 3, 3, 3, 3, 0, 3, 3, 3, 0, 3, 0, 0, 5, 3, 3, 7, 3, 3, 0, 3, 3, 0, 0, 3, 3, 10, 0, 0, 4, 3, 3, 0, 0, 3, 0, 0, 10, 0, 3, 3, 1, 0, 0, 4, 0, 3, 0, 3, 3, 0, 3, 3, 3, 0, 0, 3, 1, 0, 0, 5, 0, 3, 3, 0, 0, 0, 1, 3, 3, 8, 5]"
33270910,"[3, 3, 10, 3]"
33313466,"[1, 0, 0, 0, 0, 5, 3, 3]"
33351052,"[8, 3, 3, 5, 0, 0, 0, 0, 0, 5, 1, 3, 4, 0]"
33457293,"[0, 0, 0, 0, 0]"
33492450,"[0, 2, 3, 0, 0, 3, 0, 4, 3, 0, 0, 7, 3, 0, 10, 3, 0, 0, 10, 0, 3, 4, 7, 0, 0, 1, 0, 3, 8, 10, 0, 3, 10, 3, 7, 3, 0, 3, 0, 0, 10, 0, 0, 3, 10, 3, 3, 2, 2, 3, 3, 3, 10, 3, 3, 3, 3, 0, 3, 3, 0, 10]"
33638304,"[0, 1, 0, 0, 0, 0, 0, 3, 4, 0, 3, 3, 1, 0, 4, 8, 1, 4, 0, 3, 1, 0, 3, 10, 5, 3, 4, 3, 10, 5, 0, 1, 3, 0, 0, 5, 10, 0, 4]"
33895664,"[5, 8, 1, 0, 2, 3, 0, 3, 3, 3, 0, 3, 0, 3, 7, 3, 3, 1, 3, 3, 3, 3, 3]"
33949342,"[1, 3, 0, 0, 0, 0, 0, 0, 7, 0, 0, 4, 5, 3, 0, 0]"
34154485,"[3, 0, 3, 0, 0, 0]"
34430482,"[3, 7, 1, 0, 3, 7, 3, 3, 3, 3, 3, 3, 3, 3, 3, 3, 4, 3, 7, 3, 3, 3, 3, 3, 1, 3, 3, 7, 3, 3, 7, 0, 0, 0, 4, 7, 0, 3, 3, 7, 0, 3, 0, 3, 3, 10, 1, 0, 3, 3, 3, 0, 3, 10, 1, 5, 7, 3, 0, 0, 0, 3, 0, 7, 7, 3, 1, 3, 4, 3, 3, 8]"
34569548,"[0, 0, 0, 3, 4, 1, 0, 0, 0, 3, 3, 3, 3, 3, 0, 3, 3, 3, 0, 3, 3, 3, 3, 0, 0, 0, 0, 8, 4, 0, 3, 5, 0, 0, 0, 7, 8, 0, 0, 0, 3, 3, 0, 3, 0, 3, 0, 3, 4, 0, 3, 3, 3, 0, 4, 0, 3, 8, 0, 3, 4, 3, 3, 0, 3, 3, 0, 3, 3, 4, 4, 6, 3, 3, 3, 3, 3, 3, 10, 3, 0, 3, 1, 0, 0, 3, 3, 3, 3]"
34600874,"[0, 0]"
34868734,"[0, 3, 1, 1, 0, 4, 3, 0, 0, 3, 3, 8, 0, 8, 0, 0, 0, 3, 8, 0, 0, 3, 3, 3, 1, 3, 3, 3, 3, 8, 0, 5, 10, 8, 4, 3, 3, 1, 3, 10, 10, 4, 0, 3, 0, 1, 0, 10, 10, 0, 3, 1, 8, 8, 8, 8]"
35028178,[3]
35244336,"[3, 3, 3, 3, 4, 3]"
35574760,"[10, 3, 3, 3, 3, 1, 3, 0]"
35786906,"[5, 0, 0, 3, 3, 0, 0, 0, 3, 3, 0, 0, 0, 4, 1, 3, 3, 3]"
35881224,"[0, 3, 3, 3]"
35908536,"[7, 3, 3, 8, 5, 3, 0, 0, 0, 0, 0, 3, 0, 1, 3, 1, 3, 3, 0, 3, 0, 0, 3, 3, 0, 10]"
36291706,"[0, 0, 3, 0, 1, 0, 5, 0, 0, 3, 3, 3, 3]"
36354224,"[3, 0, 10, 4, 4, 3]"
